Area,Item,Location code,1990,1991,1992,1993,1994,1995,1996,1997,1998,1999,2000,2001,2002,2003,2004,2005,2006,2007,2008,2009,2010,2011,2012,2013,2014,2015
Brunei Darussalam,Bananas,920,175,164,170,167,150,120,122,127,130,105,140,180,182,200,190,180,200,243,250,250,254,259,260,303,357,415
Brunei Darussalam,Cassava,920,80,82,100,108,120,122,130,130,135,138,140,132,150,160,170,184,180,184,192,193,199,189,180,185,184,184
Brunei Darussalam,"Chillies and peppers, green",920,14,19,15,28,30,37,42,42,40,44,55,60,60,65,70,90,60,61,60,73,77,79,75,85,92,102
Brunei Darussalam,Coconuts,920,81,75,74,80,85,87,90,97,95,97,100,101,107,110,130,210,190,200,197,203,207,210,215,218,223,237
Brunei Darussalam,Cucumbers and gherkins,920,43,62,49,90,96,120,134,133,126,140,177,178,192,207,238,210,184,196,200,206,206,207,200,213,219,230
Brunei Darussalam,Eggplants (aubergines),920,8,12,9,17,18,22,25,25,24,26,33,34,36,39,41,34,34,37,40,41,43,44,42,50,52,58
Brunei Darussalam,"Fruit, fresh nes",920,524,505,520,517,523,550,541,500,425,700,592,598,500,600,900,699,715,729,760,783,807,833,1000,905,961,991
Brunei Darussalam,Lemons and limes,920,6,9,8,8,8,7,7,8,9,10,10,12,12,14,15,15,16,16,17,17,18,17,15,15,16,17
Brunei Darussalam,Lettuce and chicory,920,1,1,1,1,1,1,1,1,1,1,1,1,1,1,2,1,2,2,2,2,3,3,3,4,4,5
Brunei Darussalam,"Maize, green",920,9,14,11,20,20,26,29,29,26,30,38,38,41,44,49,97,85,100,92,99,98,101,105,108,113,120
Brunei Darussalam,Okra,920,94,135,106,198,211,261,294,291,276,307,388,390,420,453,518,474,446,429,430,449,478,477,484,491,500,512
Brunei Darussalam,"Onions, shallots, green",920,2,3,2,4,5,6,7,6,6,7,7,9,8,9,11,7,7,10,10,10,9,10,12,12,12,12
Brunei Darussalam,Oranges,920,44,46,45,50,46,40,45,45,50,50,56,60,58,60,60,59,59,59,59,59,59,59,60,59,59,58
Brunei Darussalam,Pepper (piper spp.),920,43,35,38,39,40,42,45,47,50,55,60,65,66,68,70,70,70,71,71,72,72,73,75,75,74,74
Brunei Darussalam,Pineapples,920,88,80,77,76,75,70,75,75,80,83,90,100,101,105,110,111,114,116,118,120,123,125,130,129,129,134
Brunei Darussalam,"Pumpkins, squash and gourds",920,6,9,7,13,14,17,20,19,18,20,26,26,28,30,33,46,38,28,30,33,34,35,30,41,46,54
Brunei Darussalam,"Rice, paddy",920,600,550,600,350,470,310,270,357,417,380,460,480,510,690,757,975,1095,1355,1300,1731,1848,1604,1797,1280,950,924
Brunei Darussalam,Roots and tubers nes,920,329,300,295,290,285,280,289,300,320,323,330,331,340,348,360,373,386,399,411,424,436,448,450,460,472,488
Brunei Darussalam,"Rubber, natural",920,3173,3000,2899,2802,2748,2500,2708,2800,3000,3200,3300,3400,3541,3698,3900,4000,3600,3453,3758,3772,3809,3845,3882,3919,3966,4021
Brunei Darussalam,Spinach,920,32,46,37,68,72,90,100,100,95,105,135,134,144,155,174,164,193,147,150,165,168,171,160,187,199,229
Brunei Darussalam,Sweet potatoes,920,24,20,21,23,24,25,27,30,32,35,37,40,45,46,47,50,43,42,42,41,41,41,40,40,40,38
Brunei Darussalam,Tomatoes,920,2,3,2,4,4,5,6,6,5,6,7,7,8,9,9,9,9,8,10,9,10,10,10,11,11,11
Brunei Darussalam,"Vegetables, fresh nes",920,6100,5787,5500,5510,5900,7300,8200,8100,7700,8500,10800,10935,11700,10200,9180,8500,5000,4500,4862,5042,5185,5341,5500,5664,5628,3627
Brunei Darussalam,"Vegetables, leguminous nes",920,37,53,42,78,84,104,117,115,110,122,154,155,166,180,203,200,152,170,181,187,191,195,190,204,208,212
Brunei Darussalam,Watermelons,920,2,2,2,3,4,4,5,5,5,5,6,7,7,8,5,7,7,7,7,7,8,9,9,9,10,9
Brunei Darussalam,Total,920,11517,11012,10630,10544,11033,12146,13329,13388,13175,14489,17142,17473,18423,17499,17242,16765,12885,12562,13249,13988,14383,14385,14924,14667,14525,12762
Cambodia,Bananas,116,21000,22000,22391,22500,23500,24000,30000,31000,31073,32000,30726,34489,34500,33000,32000,29980,30000,30000,32000,33000,34726,31968,31075,30792,30530,31547
Cambodia,"Beans, dry",116,25000,27000,24000,20830,26000,25150,26756,27420,16463,26747,22895,27108,35174,43335,37199,54366,75486,65000,45605,49599,63932,65644,62682,64964,65765,69427
Cambodia,Cassava,116,11000,11000,16000,9800,10000,12410,13000,10060,8208,14003,15380,13590,19284,25039,22507,29975,96324,108000,179945,160326,202303,369518,337065,309621,333361,388017
Cambodia,Castor oil seed,116,1300,1400,1407,1500,1400,1355,1450,1402,1500,1515,1300,1300,1366,1374,1400,1384,1389,1388,1392,1396,1400,1405,1400,1450,1434,1443
Cambodia,"Chillies and peppers, dry",116,9543,8642,9500,9212,9632,9056,9309,9492,9600,9700,9800,9900,10380,10700,10500,11000,11200,11500,12000,12500,12410,12614,13000,12992,13164,13526
Cambodia,Coconuts,116,9000,9000,10000,9500,11000,10500,13000,12000,10000,10000,10000,10000,13000,13300,13400,13100,13200,13700,14000,13900,12593,12545,12000,12500,11426,11277
Cambodia,"Coffee, green",116,221,215,220,250,255,255,300,350,360,365,365,365,370,376,380,400,400,410,410,420,445,436,438,442,445,461
Cambodia,"Fruit, fresh nes",116,7000,7059,7235,7327,7400,7683,7749,8000,8500,9000,9400,9339,9335,9500,9713,10158,10609,11000,11500,11800,11911,11906,12000,11783,11577,12051
Cambodia,Grapefruit (inc. pomelos),116,325,338,338,341,345,349,341,350,355,300,300,300,304,305,314,300,309,308,314,313,314,315,316,317,318,316
Cambodia,"Groundnuts, with shell",116,6000,7000,7000,7075,7000,9000,11240,9500,9605,10557,10271,11271,11505,14277,18009,15288,13596,21460,18183,16474,20041,16287,18048,18000,18000,18000
Cambodia,Jute,116,1600,1400,1895,2345,1800,915,1700,1950,1021,261,208,198,434,432,435,514,449,461,397,347,594,231,289,297,263,241
Cambodia,Lemons and limes,116,181,199,202,206,206,220,260,280,298,300,300,300,305,306,316,282,281,304,301,302,302,303,304,304,305,304
Cambodia,Maize,116,45000,50000,48000,42913,37000,45035,46988,34138,39857,59739,57404,67213,71594,83953,77304,70480,105297,142000,163106,221287,214000,174257,215442,207788,120394,82673
Cambodia,"Mangoes, mangosteens, guavas",116,1900,2000,2064,2100,2100,2100,3000,3200,3300,3400,3500,3500,3494,3500,3600,3700,3700,4000,4200,4300,4429,4545,4504,4581,4734,5010
Cambodia,Nuts nes,116,1289,985,1050,1150,1175,1200,1185,1300,1400,1500,1600,1700,1800,1798,1800,1900,1900,1900,2000,1977,1949,1930,1900,1945,1972,1920
Cambodia,Oil palm fruit,116,13694,13086,13112,13139,13165,13191,13218,13244,13271,13298,13325,13352,13379,13406,13463,13549,13636,13724,13814,13904,13996,14089,14115,14224,14300,17342
Cambodia,Oilseeds nes,116,1300,1400,1500,1500,1100,700,350,385,368,350,296,200,208,200,200,200,200,200,300,317,291,290,300,264,226,223
Cambodia,Oranges,116,8396,7814,9000,8129,8265,8397,9911,9500,10000,10000,10000,10000,10250,10500,10382,10419,10793,10502,11000,11500,11119,11070,11127,11197,11252,11395
Cambodia,Pepper (piper spp.),116,330,329,335,338,340,320,300,300,320,325,325,350,358,370,376,400,387,384,382,381,379,377,375,379,382,381
Cambodia,Pineapples,116,1200,1197,1225,1250,1300,1350,1400,1461,1500,1550,1550,1550,1615,1600,1744,1841,2000,2000,2000,2100,2142,2155,2170,2204,2252,2330
Cambodia,"Rice, paddy",116,1855000,1719000,1685400,1823625,1494600,1924000,1879000,1928689,1962566,2079442,1903159,1980295,1994645,2242036,2109050,2414500,2516415,2566000,2613363,2674603,2776507,2968529,3007545,2962949,2859149,2799126
Cambodia,Roots and tubers nes,116,1118,1229,1297,1396,1500,1547,1600,1674,1700,1800,2000,2052,2200,2206,2269,2300,2417,2533,2637,2740,2843,2945,3100,3120,3183,3302
Cambodia,"Rubber, natural",116,35000,35980,38000,39542,45000,43081,44500,43475,39497,39719,34095,33590,29865,29479,23787,22085,20583,17997,33670,34135,38406,45163,55361,78493,90545,111232
Cambodia,Seed cotton,116,900,200,200,400,200,200,180,185,185,190,190,190,190,190,190,190,200,200,200,200,186,185,188,187,184,184
Cambodia,Sesame seed,116,10000,16000,13000,10203,9000,8300,11700,15900,9435,16410,18130,17444,18021,33991,64470,79250,56263,47810,35874,43206,48299,42599,36722,35000,42000,38000
Cambodia,Soybeans,116,15000,14000,16000,16300,22000,16500,16738,32739,30975,34945,33256,28687,28935,52031,84231,115916,64382,76000,74413,96388,103198,70584,70972,100000,102000,102000
Cambodia,Sugar cane,116,6000,6000,6000,6473,7000,7420,7022,8035,6933,8374,7480,7727,9395,8482,6739,5992,8296,10458,13297,13533,17072,22069,27859,37900,51611,67337
Cambodia,Sweet potatoes,116,8000,9000,10000,8152,10000,9400,10000,9144,9008,9322,7435,7055,7714,8489,7132,8479,9349,9700,8246,9283,11442,7284,10428,10457,9114,8456
Cambodia,"Tobacco, unmanufactured",116,15600,17400,17500,16800,14000,13380,11850,14944,13761,8292,9669,8540,8530,6406,1708,8177,8768,7277,9447,9269,10062,8569,7936,8204,7823,7594
Cambodia,"Vegetables, fresh nes",116,84156,72044,74000,73883,72000,70000,68000,69000,70000,75000,74064,76000,74519,75808,76220,77000,75749,78000,79134,82335,85162,88188,96000,94453,94940,97339
Cambodia,Total,116,2196053,2062917,2037871,2158179,1838283,2267014,2242047,2299117,2311059,2478404,2288423,2377605,2412669,2726389,2630838,3003125,3153578,3254216,3383130,3521835,3702453,3988000,4054661,4036807,3902649,3902454
Indonesia,Areca nuts,360,95763,95763,95372,83471,82421,74838,75754,74700,87500,71400,82600,102021,107200,118780,115832,122705,124958,125600,137300,144200,146000,148500,143200,143100,137000,137600
Indonesia,Avocados,360,23830,26879,27740,19185,14856,19377,19041,11200,12284,11421,13277,11237,15769,17338,15536,17133,15629,17224,19802,19979,20507,21653,20989,21027,22372,28429
Indonesia,Bananas,360,132454,135070,76535,70721,50041,49044,49019,78115,71537,70560,73539,76923,74751,85690,95434,101465,94144,98143,107791,119018,101276,104156,103158,105237,114000,158000
Indonesia,"Bastfibres, other",360,9404,10567,11158,6581,7539,4713,4253,4142,3062,2306,2866,2946,2884,2913,3038,3068,2800,3000,2700,2600,2509,2449,2519,2445,2440,5360
Indonesia,"Beans, dry",360,502420,451400,557750,525990,458215,400000,331000,294000,339000,298000,339252,313563,344120,311863,318337,318377,309103,306207,278137,288206,258157,297126,245006,182075,208016,229475
Indonesia,"Beans, green",360,28320,29820,28110,28550,33200,224390,203539,190667,174628,156414,148202,137933,139641,148163,151671,151638,152332,141714,138994,137150,144444,129565,126722,125184,113233,122971
Indonesia,Cabbages and other brassicas,360,52237,52675,55207,60262,67350,65820,69700,64810,69089,65352,66914,59207,60235,64520,68029,57765,57732,60711,61540,67793,67531,65323,64277,65248,63116,64625
Indonesia,Carrots and turnips,360,14568,13398,16569,15228,17126,18311,19479,17369,20943,17985,19908,18454,20103,21501,24168,24653,23069,23695,24640,24095,27149,33228,29331,32070,30762,30280
Indonesia,"Cashew nuts, with shell",360,125000,160000,159000,168000,187000,190000,229786,499279,530990,558102,561310,568912,578924,573281,566309,579650,569931,570409,573721,572870,569900,574800,574900,553200,529800,522863
Indonesia,Cassava,360,1311584,1319143,1351324,1401640,1356580,1324260,1415100,1243366,1205350,1350010,1284000,1317900,1276533,1244540,1255805,1213460,1227459,1201481,1193319,1175666,1183047,1184696,1129688,1065752,1003494,949916
Indonesia,Castor oil seed,360,6690,6086,5255,5234,2336,2909,5944,5480,15000,9000,8000,14000,7000,12978,8154,6936,6043,6043,5274,5673,3800,8800,4800,4300,3200,3200
Indonesia,Cauliflowers and broccoli,360,5500,5390,5483,5578,5674,5772,5864,6000,6050,6072,6044,5715,5530,5165,6926,8763,9941,9295,8898,8088,8728,9441,11776,12422,11303,11195
Indonesia,"Chillies and peppers, green",360,190000,193551,162479,157499,161090,265083,169610,161319,164814,183347,174708,142556,150598,176264,194588,187236,204747,204048,232703,279452,237266,239991,242523,249516,263932,255716
Indonesia,Cinnamon (cannella),360,40581,43651,43683,47000,48000,51000,54000,59000,62000,64000,66000,70000,72000,73000,80000,80000,80000,104651,101961,102633,99300,102100,101800,105500,109600,110400
Indonesia,Cloves,360,415000,460000,405000,384000,392000,385000,360877,368789,379519,311000,390000,400000,369971,420000,390000,400000,299224,303470,311760,319000,321000,331000,493900,501400,505500,535694
Indonesia,"Cocoa, beans",360,158820,183956,189596,299546,359086,374261,398655,386605,403166,667897,749917,765405,776901,961107,1090960,1167046,905730,923968,1425216,1587136,1651539,1732600,1852900,1740600,1727400,1709284
Indonesia,Coconuts,360,2261563,2267876,2287245,2450157,2590656,2584754,2543965,2547761,2552736,2535910,2591530,2836995,2634725,2675059,2690000,2710000,2650000,2900000,2880000,2900000,2980000,2980000,3000000,3020000,3025000,3030000
Indonesia,"Coffee, green",360,746759,760308,793000,810000,797000,846078,836621,831782,844172,900000,1260687,1313383,1372184,1381730,1303943,1255272,1308732,1295912,1295111,1266235,1268476,1293000,1233900,1241700,1230500,1230001
Indonesia,Cucumbers and gherkins,360,52243,55792,55217,53543,53438,56910,55992,52787,54772,48121,43759,48288,47720,52119,50352,53109,58647,56634,55795,56099,56921,53596,51283,49296,48578,43559
Indonesia,Eggplants (aubergines),360,41680,46791,44805,37737,44016,43532,42555,40433,43485,39451,36195,35860,39336,44414,45285,45340,49327,47589,48434,48126,52157,52233,50559,50718,50875,45919
Indonesia,"Fruit, fresh nes",360,40000,40630,49000,48118,50000,60000,63000,65000,73256,68000,85000,90000,100000,110000,112000,110000,110000,105656,87105,92333,100232,100497,115750,93963,99855,103554
Indonesia,"Fruit, tropical fresh nes",360,241044,239511,215197,174940,207480,199859,186640,130939,127944,121618,131576,190545,187372,232861,196299,202657,193720,206002,231468,238791,202119,252715,235731,202726,144438,171150
Indonesia,Garlic,360,18483,21128,22139,20011,20809,21896,20384,18328,17986,12936,9981,9279,7923,6345,4930,3280,3107,2690,1922,2293,1816,1828,2632,2479,1913,2563
Indonesia,Ginger,360,9612,9215,9546,9143,9924,10000,9897,3962,4996,7727,7614,8509,6610,5891,6175,6149,8904,9965,8712,6865,6053,5491,7316,10279,15345,15324
Indonesia,"Groundnuts, with shell",360,650560,628256,719703,624289,642998,739305,688908,628142,651098,624980,683554,654800,646953,683537,723434,720526,706753,660480,636229,622616,620563,539230,559532,519056,499338,454063
Indonesia,Kapok fruit,360,195300,194300,190900,184800,183900,173900,171957,172127,174309,174000,174000,175000,170000,185000,130000,130000,135000,148000,150000,171000,168300,167100,161300,155300,153570,167902
Indonesia,"Leeks, other alliaceous vegetables",360,29280,28350,31058,34903,34081,34740,40273,38819,36557,36882,36127,34399,41602,38453,45718,45402,51343,47491,52101,53637,57593,55611,58427,57264,58362,52895
Indonesia,Maize,360,3158092,2909100,3629346,2939534,3109400,3651838,3743570,3355224,3833820,3456357,3500000,3285900,3126830,3358511,3356914,3625987,3345805,3630324,4003313,4160659,4131676,3864692,3957595,3821504,3837019,3787367
Indonesia,"Maize, green",360,77500,76000,75000,74000,91000,91000,93000,84000,96000,86000,87000,82000,78000,84000,84000,91000,84000,91000,100100,104000,103300,96500,98920,95500,96000,94700
Indonesia,"Mangoes, mangosteens, guavas",360,124790,159031,139563,126184,133454,196604,148820,148336,133452,137018,144185,144208,184659,158894,185773,176000,195503,203997,190793,215387,131674,208280,219667,207151,251000,176946
Indonesia,Manila fibre (abaca),360,510,520,540,600,650,620,595,578,562,548,535,525,516,521,520,524,530,541,555,573,595,622,680,700,790,612
Indonesia,"Melons, other (inc.cantaloupes)",360,700,13078,17575,22271,28701,31034,33288,27576,24559,21038,2462,3016,4238,6959,5784,8200,7726,8117,8533,10643,8594,11466,11451,9357,11620,7396
Indonesia,Mushrooms and truffles,360,100,88,210,190,250,220,220,190,100,240,280,250,180,278,272,254,298,377,637,700,684,497,575,584,586,536
Indonesia,"Nutmeg, mace and cardamoms",360,38489,39275,38195,39000,40000,41000,42102,42464,42790,32700,40000,47360,57571,50725,33000,35000,72804,74530,86162,98800,117300,121600,133700,139900,157800,164000
Indonesia,Nuts nes,360,109806,130122,135486,148024,170098,178378,182593,179627,174798,144764,205532,205322,212487,212677,206321,209268,205454,209375,216906,216700,215000,206700,213900,215400,210100,210100
Indonesia,Oil palm fruit,360,673033,772245,875100,921000,1045000,1190000,1428350,1622503,1795081,1847000,2014000,2200000,2790000,3040000,3320000,3690000,4110000,4560000,4980000,5370000,8385394,8992824,9572715,10465020,10465020,10754801
Indonesia,"Onions, dry",360,70081,70989,44592,75123,84630,77210,96139,88305,76378,104289,84038,82147,79867,88029,88707,83614,89188,93694,91339,104009,109634,93667,99519,98937,120704,122126
Indonesia,Oranges,360,50217,60620,58190,36910,67200,99147,133061,132195,23681,25214,37120,35367,47824,56290,72306,67883,72390,67592,68673,60190,57083,51688,51793,48545,53235,50591
Indonesia,Papayas,360,27880,24597,13157,10751,12235,11182,9892,10036,9886,9946,8886,10259,10280,9306,9134,7879,8021,7984,9388,9571,9225,11055,11701,10822,9690,9655
Indonesia,Pepper (piper spp.),360,74776,75796,76025,81300,70600,71500,76694,75508,79803,79000,100000,120000,130000,144891,135000,115000,192604,189054,183082,185941,186296,179000,178600,171900,162700,167590
Indonesia,Pineapples,360,49028,41530,21237,19985,20131,50718,29586,5608,5243,7173,6994,7960,9034,7130,11432,9962,21368,18957,14271,12611,12141,12335,16996,16203,16000,14900
Indonesia,Potatoes,360,44390,39620,48852,51122,56057,62388,69946,50189,65047,62776,73068,55971,57332,65923,65420,61557,59748,62375,62650,71238,66531,59882,65989,70187,76291,66983
Indonesia,Pulses nes,360,6800,6777,6700,6500,4500,4263,4000,3000,2606,2000,1962,1866,1777,1757,1771,2129,2150,2172,2195,2219,2244,2270,2200,2300,2387,2443
Indonesia,"Pumpkins, squash and gourds",360,18000,17000,27000,20000,23000,7610,8106,8578,6254,9176,5780,6300,7835,8887,10197,9569,12458,11019,11303,11523,10693,9669,10588,10938,9502,9436
Indonesia,"Rice, paddy",360,10502357,10281519,11103317,11012780,10733800,11438760,11569729,11140594,11730200,11963204,11793000,11500000,11521166,11477357,11922974,11839060,11786430,11748000,11728000,11778000,11797000,11653000,11591000,11631000,11473000,11389000
Indonesia,Roots and tubers nes,360,59350,59634,58963,65585,66000,63915,63499,63145,62962,62816,63102,63700,64000,61500,62000,62400,62100,62300,62500,62000,61800,64000,65500,70000,70416,70322
Indonesia,"Rubber, natural",360,1865606,1877537,1966000,2065470,2056097,2260687,2245754,2260471,2268733,2300000,2400000,2599470,2634720,2675060,2675060,3279391,2725858,2775546,3424217,3435270,3445121,3456100,3484100,3555800,3606245,3621102
Indonesia,Seed cotton,360,20339,20390,20441,20070,20370,20680,21000,21000,19094,17549,11553,10715,9372,6357,7720,5982,6263,13737,11729,12622,10194,10238,9565,7165,3670,6118
Indonesia,Sisal,360,278,440,440,270,300,324,319,314,309,334,335,337,338,340,341,370,335,331,328,324,321,317,300,300,325,325
Indonesia,Soybeans,360,1334100,1368199,1665000,1470210,1406920,1477432,1273290,1119079,1095070,1151079,825000,678848,544522,526796,565155,621541,580534,459116,591899,722791,660823,622254,567624,550793,615685,613885
Indonesia,Spices nes,360,1700,731,851,972,1092,1228,1488,1294,1105,1179,1789,1829,1684,1894,2457,4837,5381,5890,5909,5454,4558,3954,4938,5366,4980,5375
Indonesia,Spinach,360,31683,31981,34663,30796,32500,39869,38096,34995,38278,34614,31134,31306,32365,33008,34371,36952,42847,43774,44711,44975,48844,46882,46211,45294,45325,42134
Indonesia,Sugar cane,360,345000,365000,394543,417634,418200,411990,430361,378100,405400,391100,365962,386084,350723,335725,344793,382083,396441,427799,436505,441440,436600,435000,442658,470941,472676,455819
Indonesia,Sugar crops nes,360,96000,100000,100000,108000,109000,92000,80116,74515,74875,75000,75000,75000,75000,75000,75000,75000,75000,75000,75000,70000,67000,74000,75000,79000,77424,70360
Indonesia,Sweet potatoes,360,208732,214316,229786,224098,197170,228676,177681,195436,202093,172243,194000,181000,177276,197455,184546,178336,176146,176932,174206,183874,181073,178121,178295,161850,156758,143125
Indonesia,Tea,360,94510,94647,94666,102542,109939,113426,114592,114287,109745,110000,121200,115416,115803,116200,116200,142847,111055,133734,127712,123506,124573,122458,121607,122494,118889,114891
Indonesia,"Tobacco, unmanufactured",360,235866,214838,166847,167932,182293,216148,222164,219262,174079,167271,168300,262000,256081,256926,200973,198212,172234,198054,196627,204450,216300,228800,270300,270200,209400,209095
Indonesia,Tomatoes,360,40306,43436,44592,48645,47777,49283,49443,43845,46757,46259,45215,43118,49457,47884,52719,51205,53492,51523,53128,55881,61154,57302,56724,59758,59008,54543
Indonesia,Vanilla,360,5860,6240,6966,7000,7654,7965,9072,9428,9689,7800,7900,8539,8903,9216,9216,9000,13000,11000,12500,12800,11529,16917,19900,16600,13600,13600
Indonesia,"Vegetables, fresh nes",360,87000,82000,92000,93702,96000,76059,73548,60917,62995,60037,49216,47138,47454,45351,59182,55080,60970,58133,56886,58311,61533,64830,63328,65025,61317,58852
Indonesia,Watermelons,360,10000,10848,12000,13155,13000,15110,16264,15000,24608,21038,19969,24262,25567,32221,28725,31499,31843,32326,27639,34219,27493,33445,33012,32210,35802,36497
Indonesia,Total,360,26861574,26687650,28805914,28147481,28331834,30504016,30558191,29580520,30822295,31019253,31531077,31721043,31969446,32845580,33620906,34889251,34138351,35084381,37130029,38192235,41120363,41477094,42300570,42840601,42677906,42737163
Lao People's Democratic Republic,Bananas,418,1743,1800,2015,1900,2000,2497,3000,3500,4000,4500,5000,6000,7109,9000,9000,10000,10000,12150,10910,13590,12575,16120,17730,19120,22920,27710
Lao People's Democratic Republic,"Beans, dry",418,3602,3219,3840,3163,2549,3321,1680,1995,2052,1735,1300,2360,3393,3539,2420,2915,2665,2450,2610,3250,3145,3685,3345,2940,2930,3000
Lao People's Democratic Republic,Cassava,418,5069,5083,5261,5446,5896,6240,5100,6115,6155,5200,7300,1710,4125,690,8150,6765,16880,11015,14995,10375,19940,31135,43975,45185,60475,75465
Lao People's Democratic Republic,"Chillies and peppers, dry",418,1500,1700,1800,1809,2000,1860,2200,1791,1678,1400,1200,1560,2100,2200,2036,2400,2500,2600,3000,3066,3037,3045,3100,3031,3059,3278
Lao People's Democratic Republic,"Chillies and peppers, green",418,7106,7106,7106,7106,7106,7106,7106,7106,2900,3000,1535,1560,6724,7066,7500,8000,6982,7484,7917,8357,8774,9172,10000,9815,9803,11310
Lao People's Democratic Republic,"Coffee, green",418,17066,17929,17789,18901,20021,20158,23145,23345,28640,29250,29402,32220,36624,37347,37576,42580,43140,44990,48555,52430,50595,54775,56875,57345,70330,77535
Lao People's Democratic Republic,"Fruit, fresh nes",418,4773,4555,4700,5000,5500,5323,6000,6015,6194,6277,6500,6452,6592,6770,6932,7100,7284,7500,8000,8200,7949,7782,7000,7653,7990,7874
Lao People's Democratic Republic,"Fruit, stone nes",418,1026,1010,1150,1203,1261,1000,876,997,1100,1167,1200,1200,1300,1261,1308,1400,1450,1500,1600,1625,1638,1663,1680,1719,1746,1755
Lao People's Democratic Republic,Grapefruit (inc. pomelos),418,657,788,720,730,840,700,800,850,1000,925,952,979,1006,1032,1062,1092,1121,1151,1181,1212,1244,1278,1415,1391,1415,1496
Lao People's Democratic Republic,"Groundnuts, with shell",418,6536,5552,7685,5905,5022,8258,9405,13985,14900,12910,12800,12100,13698,14585,14605,16650,18385,15965,19377,19577,23570,32780,21620,24595,25310,20880
Lao People's Democratic Republic,Lemons and limes,418,787,920,1100,1242,1200,914,1300,1400,1500,1624,1600,1623,1700,1733,1800,2000,2200,2200,2300,2215,2500,1570,750,465,555,670
Lao People's Democratic Republic,Maize,418,36670,34176,32135,27155,28060,29112,37380,38000,46400,40730,49000,43870,44956,51670,67500,86000,113815,157710,229220,207600,212745,212105,196815,212030,243385,254025
Lao People's Democratic Republic,"Mangoes, mangosteens, guavas",418,228,255,280,263,309,250,268,280,265,300,328,350,357,371,388,404,421,437,454,471,488,506,520,543,558,576
Lao People's Democratic Republic,"Melons, other (inc.cantaloupes)",418,200,220,230,240,240,230,230,220,240,300,250,260,270,280,255,250,250,260,280,380,250,500,575,530,955,1130
Lao People's Democratic Republic,"Nutmeg, mace and cardamoms",418,6591,5923,6296,6579,7000,6866,6900,6881,7000,6941,7082,7200,7250,7300,7389,7400,7562,7742,7754,7844,7935,8026,8117,8208,8281,8416
Lao People's Democratic Republic,Oranges,418,3556,3369,3433,3533,3738,3500,3273,3605,3600,3918,3800,3826,4000,3737,5000,5200,5500,6000,6200,6119,5822,5574,5000,5183,5231,5415
Lao People's Democratic Republic,Pineapples,418,3093,3462,3568,3639,3258,3292,3300,3400,3500,3500,3700,4200,4200,4100,4200,4200,4300,4300,2575,3770,3150,3925,3700,2820,5160,3425
Lao People's Democratic Republic,Potatoes,418,4500,5516,5000,5112,4800,4750,5000,4267,4198,4347,5300,3000,2900,2400,2400,2400,1800,1700,1500,1500,1680,1175,2250,1035,1035,1030
Lao People's Democratic Republic,Pulses nes,418,12000,11806,11930,12027,12481,13000,13213,13500,13737,13800,14000,14000,14228,14200,14200,14300,14400,14500,16000,15000,13294,11613,9437,7536,5801,4177
Lao People's Democratic Republic,Ramie,418,460,470,480,485,490,469,450,479,490,500,524,550,581,589,609,600,600,610,650,657,645,648,645,650,657,682
Lao People's Democratic Republic,"Rice, paddy",418,650300,556878,565749,551708,610960,559900,553741,601295,617538,717577,719370,746775,738104,756317,770320,736020,742905,727863,786265,818561,855114,817250,933767,891190,957836,965152
Lao People's Democratic Republic,Roots and tubers nes,418,63761,63761,63761,63761,63761,63761,63761,63761,63761,63761,63761,63761,63761,63761,63761,63761,63761,63761,63761,30990,40840,58120,67155,65995,81345,101885
Lao People's Democratic Republic,Seed cotton,418,6886,8027,7823,7896,7173,9642,9145,7210,7235,4420,4700,3510,3330,1992,2420,2080,2560,3205,2600,2525,2160,2055,1890,2885,1415,1980
Lao People's Democratic Republic,Sesame seed,418,3167,4600,8036,8835,8000,9000,8500,8800,7350,7760,7500,5280,5509,4249,8750,9000,10000,10100,10200,11000,15070,12000,10995,10710,12080,13595
Lao People's Democratic Republic,Soybeans,418,5110,6095,6117,5503,6265,5806,3575,3115,5872,6800,6400,3280,3565,9053,5620,9535,8920,8040,8485,12635,7235,9145,3885,8900,10970,11880
Lao People's Democratic Republic,Sugar cane,418,3538,2835,3293,3396,2748,2688,3395,3700,5365,4730,8400,6590,6631,8962,7030,5500,6070,8455,11875,13830,15355,24765,20490,14270,34070,36130
Lao People's Democratic Republic,Sweet potatoes,418,27879,16624,14450,14334,21925,14045,14590,19445,21740,13050,19400,14610,15373,18878,15758,13695,12335,15440,9300,18131,5525,7290,6825,5710,6595,7470
Lao People's Democratic Republic,"Tangerines, mandarins, clementines, satsumas",418,2462,2291,2700,2671,2865,2500,2308,2600,2700,2747,2800,2700,2800,2786,2987,3000,3300,3500,4000,4400,4600,4800,4500,4000,4154,4684
Lao People's Democratic Republic,Taro (cocoyam),418,12000,12000,12000,12000,12000,12000,12000,12000,12000,12000,12000,12000,12000,12000,12000,12000,12000,12000,12000,12000,12000,12000,12000,12000,12000,12000
Lao People's Democratic Republic,Tea,418,383,404,609,2280,1965,574,395,395,910,930,560,440,345,506,910,825,490,740,1250,2145,2415,2715,2705,3440,3990,4180
Lao People's Democratic Republic,"Tobacco, unmanufactured",418,11665,10213,10474,7098,7253,7410,7220,7500,6580,4295,6700,5060,5476,4772,5720,5360,5660,4985,5923,4830,8355,7755,6975,6025,6250,6360
Lao People's Democratic Republic,"Vegetables, fresh nes",418,7168,6807,9500,14983,16483,9462,13700,25500,30900,41100,104700,111150,104965,118509,107150,85710,83015,84335,81305,115769,126270,130640,121595,144735,161379,179690
Lao People's Democratic Republic,Watermelons,418,260,267,315,356,280,514,664,290,1104,1307,300,320,4918,4537,5035,5100,5200,5240,6305,6370,6055,7280,6600,8150,8765,10380
Lao People's Democratic Republic,Total,418,911742,805661,821345,806259,875449,816148,823620,893342,932604,1022801,1109364,1120496,1129890,1176192,1201791,1173242,1217471,1249928,1388347,1420424,1481970,1502892,1593931,1589804,1778445,1865235
Malaysia,Areca nuts,458,2800,2200,2700,2397,1700,600,1200,1652,2400,1879,2000,1500,800,650,1046,1366,1800,1300,636,643,680,341,222,45,222,91
Malaysia,Bananas,458,28400,28600,28700,31046,30405,30405,30000,30000,30000,31000,26055,22629,24342,26000,30000,30000,25000,22719,22650,22135,24167,29132,29193,27085,28911,24858
Malaysia,"Bastfibres, other",458,0,2007,2010,2012,2015,2018,2021,2024,2028,2031,2034,2037,2041,2044,2062,2094,2128,2164,2202,2241,2283,2254,2144,2051,2395,2805
Malaysia,Cabbages and other brassicas,458,1300,1500,1500,1322,1369,1369,1984,2307,2595,2400,1370,814,1092,1500,1800,1800,1655,1700,1750,1406,4917,5656,3528,4845,7937,8261
Malaysia,"Cashew nuts, with shell",458,5300,5800,6400,6500,6439,7000,6699,6777,6854,6927,6839,6874,6911,6941,6960,6981,7007,7000,7088,7158,7227,7293,7200,7400,7320,7428
Malaysia,Cassava,458,37000,32000,30000,27000,25000,20000,17500,15000,12000,10000,8500,7000,5800,4600,4000,3500,3000,2396,2316,3075,2769,2596,2825,4046,3050,3418
Malaysia,"Chillies and peppers, dry",458,1600,1636,1667,1698,1731,1700,1806,1850,1896,1944,1994,2046,2102,2160,2221,2285,2353,2424,2499,2579,2663,2753,3000,2912,2985,3102
Malaysia,"Chillies and peppers, green",458,1700,1700,1700,1800,1800,1800,2000,2000,2000,2200,2200,2200,2400,2400,2400,2500,2500,2898,2712,2594,2971,2597,2856,4104,3582,2915
Malaysia,Cloves,458,920,940,980,1000,900,886,861,800,833,828,824,820,819,866,874,885,896,906,917,928,939,950,1000,962,958,977
Malaysia,"Cocoa, beans",458,297600,398950,378540,299995,271339,190217,168219,140899,117679,100803,75766,57963,48631,45493,42208,33994,31740,28459,21411,18047,20083,20847,11748,13826,16102,18122
Malaysia,Coconuts,458,315500,315900,291000,266700,267000,248900,228200,222000,210000,200000,190000,182000,180000,179000,178000,175000,115000,119701,111925,100362,105659,106312,100996,87974,88092,73167
Malaysia,"Coffee, green",458,13100,13600,14500,14643,14780,14917,15133,18182,23342,26799,28106,25254,22979,21877,18603,18052,14082,8724,9063,6148,5098,5141,4277,3764,3722,1976
Malaysia,Cucumbers and gherkins,458,1366,1500,1494,2000,2104,1801,1600,2000,2200,2100,1600,2000,1895,2228,2498,2813,3011,3050,2856,3780,3836,3969,4607,5161,4661,4371
Malaysia,"Fruit, citrus nes",458,533,575,478,605,531,630,639,617,534,700,900,991,1100,1267,1472,2000,2800,3500,1000,1000,1000,1000,0,674,1044,664
Malaysia,"Fruit, fresh nes",458,8055,8000,8200,8300,8400,8514,8500,8846,9009,9209,8611,10013,10666,12400,11669,11899,12100,12294,12800,13000,13000,12900,12700,13550,14005,14117
Malaysia,"Fruit, tropical fresh nes",458,35000,33635,31846,36015,34645,33149,33271,30000,33000,31000,31386,31482,31558,32000,29646,26374,22721,19200,18342,17155,17000,17000,16500,16803,16470,15609
Malaysia,Ginger,458,1000,1100,1300,1500,1588,1700,1562,1403,1300,1000,807,979,935,897,906,880,871,880,1089,1198,1061,864,903,893,1048,965
Malaysia,Grapefruit (inc. pomelos),458,900,1300,1500,1585,1600,1600,1600,1600,1700,1800,1197,1089,1143,1200,1339,1297,1441,1822,1830,1611,1571,1394,1123,1093,1009,1044
Malaysia,"Groundnuts, with shell",458,1350,1400,1400,1441,1414,1421,1000,900,600,500,379,239,354,300,350,350,238,224,176,190,189,154,119,127,142,93
Malaysia,Lemons and limes,458,770,830,880,930,660,685,500,700,700,800,871,958,1073,1171,1729,1656,1541,1518,1109,720,746,848,967,1310,989,850
Malaysia,Lettuce and chicory,458,1193,1193,1193,1193,1193,500,500,500,500,500,500,500,500,500,500,500,500,654,707,1182,2322,2460,2069,3346,3127,3182
Malaysia,Maize,458,20000,20000,21000,20000,20000,23000,25000,26000,27000,27000,27000,22000,23000,24000,24000,25000,25000,6606,6315,7176,8600,9759,9322,9720,9707,10030
Malaysia,"Mangoes, mangosteens, guavas",458,8600,8600,6800,6282,5677,5728,5800,5800,4600,4000,5122,5043,5083,5100,5323,5702,5616,5640,5453,5089,4598,14455,12862,11138,11977,8344
Malaysia,"Nutmeg, mace and cardamoms",458,1300,1980,1628,1400,1450,1028,854,700,1400,591,480,406,344,261,195,155,75,70,62,57,47,32,19,70,14,22
Malaysia,Oil palm fruit,458,1746054,2094028,2197660,2305925,2411999,2540087,2692286,2893089,3078116,3313393,3376664,3499012,3670243,3802040,3875327,4051374,4165215,4304913,4487957,4691160,4853766,5000109,5076929,5229739,4689321,4859397
Malaysia,Oilseeds nes,458,80000,89966,94966,105000,98000,108000,128000,117975,120000,124008,127666,131574,135197,138648,141509,150000,145740,146230,146667,147149,140000,148549,145000,152119,154686,155342
Malaysia,Okra,458,340,240,240,490,490,490,730,730,730,970,970,970,1210,1210,1210,1450,1450,1450,1527,1702,2295,2350,2157,2703,3120,3326
Malaysia,Oranges,458,2042,1581,1700,1734,1767,1770,1800,1904,1972,2000,2128,2227,2321,2399,2795,2651,2640,2648,2140,2504,2550,5050,2993,3108,2965,1643
Malaysia,Papayas,458,3700,3700,3800,4500,5200,5400,5100,5100,5300,5600,6000,6500,7000,7800,7000,5400,4300,2190,2317,3648,2668,2462,2031,1934,2771,2514
Malaysia,Pepper (piper spp.),458,11512,11226,10157,9101,8655,9837,9824,10286,11448,12287,13415,13468,13600,13800,12990,12722,12128,13023,13487,13608,11012,11130,10833,9835,16021,16333
Malaysia,Pineapples,458,9076,9081,8904,8366,7730,7895,7054,6882,7580,8106,7271,8533,9980,10000,10000,10300,10600,11780,13291,13333,10567,14922,13096,10580,9456,10551
Malaysia,"Pumpkins, squash and gourds",458,360,370,400,430,454,470,499,504,334,330,297,307,378,396,500,420,402,442,599,752,1508,1603,1664,2323,2333,1817
Malaysia,"Rice, paddy",458,680647,683640,672753,693434,698624,672787,685468,690975,674404,692389,698700,673600,678500,671800,680700,676200,645000,673242,656602,674928,677884,687516,684545,671679,614579,681559
Malaysia,Roots and tubers nes,458,4000,1950,2000,2100,2300,2400,2250,2300,2150,2200,1750,1600,1500,1200,900,720,650,670,700,656,348,341,248,405,354,735
Malaysia,"Rubber, natural",458,1614000,1818700,1792300,1767800,1738000,1688800,1649500,1616400,1555700,1464750,1430680,1389320,1348810,1325611,1278800,1271280,1263590,1248010,1247030,1028230,1020400,1027040,1041190,1057271,1065600,1074386
Malaysia,Spices nes,458,67,67,67,67,67,67,67,67,67,67,67,67,67,67,67,67,67,67,40,80,67,70,65,70,71,72
Malaysia,Spinach,458,1000,1000,1000,1000,1000,1000,1000,1100,1300,1600,1800,2000,2500,3000,3500,3620,3730,3858,4094,4584,3585,4098,4023,4288,4386,3860
Malaysia,Sugar cane,458,21574,22542,23504,22755,22661,23550,22320,21898,22043,21411,21380,21075,21228,13000,12000,12000,12000,15203,14340,8000,4540,4099,4346,2847,237,1717
Malaysia,Sweet potatoes,458,3400,3500,3700,3971,3626,3671,3200,2700,2500,2300,1800,1400,2100,2400,2198,2102,1991,1821,1309,1309,2164,2229,2595,3042,3013,2908
Malaysia,Tea,458,3270,3306,2893,2923,2697,2946,2944,2902,2300,2927,3003,3500,3400,3500,3500,3500,3320,2780,1990,1519,2459,2459,2380,2299,2304,1890
Malaysia,"Tobacco, unmanufactured",458,10168,14953,11905,12355,10219,10525,10982,19790,14200,18522,15764,15972,14390,13038,12148,8520,6778,6827,6702,7616,3698,4242,2526,538,654,1754
Malaysia,Tomatoes,458,420,450,480,510,536,536,620,510,570,470,951,627,789,1200,1250,1300,1901,1110,1039,1114,1347,1451,1978,2831,1948,1984
Malaysia,"Vegetables, fresh nes",458,14500,15000,16000,17000,18000,19000,16000,19000,17000,18000,18500,18500,18500,19000,20598,21238,21885,23095,23820,24508,25162,25779,28000,26885,27767,28460
Malaysia,Watermelons,458,3200,3000,4500,5000,6500,6000,6500,6000,9000,6000,7737,5253,6495,6200,6300,6300,8270,9241,10180,14872,14416,13814,11949,11032,10842,10024
Malaysia,Total,458,4994617,5663246,5686345,5701825,5742265,5704799,5802593,5942669,6020884,6163341,6161084,6182342,6313776,6411164,6443093,6598247,6594732,6724449,6872739,6860746,7013862,7210020,7268728,7418427,6841897,7066683
Myanmar,Areca nuts,104,28929,28937,29626,29345,29500,30000,30000,30400,30400,30291,33949,34977,35600,38000,40100,42100,45700,48200,51800,54600,55000,56000,56500,56300,69186,70308
Myanmar,"Bastfibres, other",104,80,80,80,80,40,40,40,130,260,530,1050,1980,3880,10000,11700,6100,14200,21500,14600,11300,9417,8049,6005,3590,1618,1214
Myanmar,"Beans, dry",104,433400,547100,723200,882200,908900,1104400,1324600,1377200,1328370,1674701,1762420,1849548,2000000,2055000,2071000,2184000,2394000,2536000,2725000,2719000,2710000,2712000,2797865,3012931,3213500,3294140
Myanmar,"Cashew nuts, with shell",104,1100,1100,1100,1100,1100,1100,1100,1100,1100,1100,1100,700,720,750,750,780,800,850,900,1000,1250,1500,1500,1550,1626,1820
Myanmar,Cassava,104,5497,5569,4406,7408,6979,7285,6785,7292,7293,7736,7669,9061,10888,12300,12300,15838,16000,21000,24709,34626,44986,56537,45536,43614,37195,36234
Myanmar,Castor oil seed,104,5000,4500,4500,4800,4500,4500,4500,4200,4200,4200,4800,6000,7000,8000,9000,11000,13000,15000,17000,18000,17500,15500,15000,14800,13872,15794
Myanmar,Cereals nes,104,38050,36726,33537,33215,34976,33000,33000,36000,39000,41000,41000,38000,35000,29000,29000,29000,33000,33000,27000,20471,20110,16138,16338,19380,20931,17420
Myanmar,Chick peas,104,134425,166326,148520,101172,121810,158232,133546,109265,101172,129500,164303,194654,191821,207199,204366,223791,268712,279638,299063,327391,331438,333057,361789,384047,377977,372311
Myanmar,"Chillies and peppers, dry",104,69600,76486,77700,69606,64750,59489,71629,67178,63131,86603,98339,108051,116550,110479,128690,129904,123025,129095,129500,131523,127476,116954,113312,109670,111289,110075
Myanmar,Coconuts,104,28638,28760,29087,29637,30766,32376,30800,31033,31637,32080,33936,37063,40940,42500,44500,47000,48500,50200,50600,50829,41437,41729,47600,47600,48562,48351
Myanmar,"Coffee, green",104,3346,3237,3237,3642,3642,3642,4047,4047,4047,4047,4452,4856,4856,5666,6475,7284,8498,9308,9712,10522,10927,10927,11736,11736,11736,11736
Myanmar,"Cow peas, dry",104,24949,48562,55442,58275,67582,84175,65154,69201,83770,99957,110884,137593,128285,147306,148520,159446,160256,180490,183323,181299,180895,147306,132737,134356,133546,135165
Myanmar,Fibre crops nes,104,408,378,334,343,316,318,300,281,279,320,274,270,330,251,236,212,192,174,163,153,144,136,130,100,103,109
Myanmar,"Fruit, fresh nes",104,182714,183713,186200,189208,190000,194700,199100,225400,232000,243000,261000,278000,280000,285000,285000,290000,300000,300000,363000,353844,350000,360000,360000,359429,361191,381809
Myanmar,"Fruit, tropical fresh nes",104,1400,1500,1900,1800,1720,1750,1700,1500,1400,1300,1300,1250,1200,1300,1300,1200,1200,1230,1250,1200,1200,1100,1150,1150,1095,1110
Myanmar,Garlic,104,10619,10927,12950,12141,11331,11736,11736,14164,13759,16592,18616,19020,20639,21044,23876,24281,26305,28733,25900,28328,29137,29137,28733,29137,28328,28177
Myanmar,"Groundnuts, with shell",104,523828,468222,484814,466198,496550,514761,477934,445964,490479,560085,585985,567370,580320,654377,683515,730054,755549,815038,844175,866433,876955,887072,911353,930778,949393,949756
Myanmar,Jute,104,31091,25396,26832,47226,30477,37456,47300,43300,34012,37298,36600,43948,49400,44500,30800,20600,16600,12500,4000,1161,1486,2649,2500,433,23,51
Myanmar,Lentils,104,878,2023,3642,3237,2833,2833,2833,2428,2023,3642,4047,2833,2023,2428,2428,2023,3642,2023,2023,2428,1619,1619,1619,1619,1619,1619
Myanmar,Maize,104,125103,124239,137189,133546,166326,161470,165112,160660,183323,203557,210437,250501,268307,284494,292588,319297,326986,345197,354910,363003,388903,411566,418850,439894,458105,469840
Myanmar,"Mangoes, mangosteens, guavas",104,154,50,55,60,70,80,85,100,95,95,100,100,105,110,120,125,130,140,145,155,160,170,180,180,410,830
Myanmar,Millet,104,168093,177657,203557,205176,200724,227029,223791,242812,237955,251310,250096,229862,231885,231076,229457,253333,238765,203962,206795,223791,220554,222173,218126,225815,235527,238360
Myanmar,Mustard seed,104,15400,13355,12950,14164,15783,17806,17806,20234,28733,40873,51800,55442,59489,64345,67178,70415,74867,91864,97934,99957,101576,71629,62726,61108,58679,58679
Myanmar,"Onions, dry",104,22894,23876,25900,23067,25495,26709,24281,27519,46134,59081,58677,56249,55035,58272,62726,72439,66369,70820,68797,72439,72439,72034,72034,76890,78104,76671
Myanmar,"Peas, dry",104,23032,25709,25900,34000,34400,36800,36000,37000,35200,35300,36400,37200,42000,41300,46900,45300,44500,52600,54600,50200,51000,53475,57186,56681,53530,54760
Myanmar,Pigeon peas,104,57064,104004,206390,224196,233909,239574,278424,242812,256976,299063,357742,483195,513142,524068,552396,533781,566560,588818,611481,616337,632929,643046,612695,638595,618765,646688
Myanmar,Plantains and others,104,43671,43301,45730,45730,46134,44920,45325,44920,44515,45325,49372,52607,55442,59084,59084,61512,66369,65964,66773,68392,74867,74058,72843,73653,75676,80128
Myanmar,Potatoes,104,13834,15378,15378,16187,15783,19425,20639,22258,23472,25900,29137,29319,31566,32780,34803,34803,36422,36826,37636,38040,38850,37231,36826,36422,36422,36826
Myanmar,"Rice, paddy",104,4760000,4574975,5056147,5486733,5742899,6032654,5768394,5408224,5458405,6210787,6302175,6411996,6376637,6527585,6807628,7383901,8074295,8011164,8077533,8058108,8011164,7566819,6988927,6952910,6869545,6769494
Myanmar,"Rubber, natural",104,40166,40469,41278,42492,52204,48562,45730,47752,47348,52609,61917,62724,67583,72439,91054,108051,123025,138403,144068,166731,186560,198296,213674,231885,258594,280965
Myanmar,Seed cotton,104,141461,33588,34398,26305,64345,219340,205580,187774,225815,237551,211246,176038,184132,192631,211651,251310,263451,278019,279638,272354,267093,247668,212055,229457,237146,224883
Myanmar,Sesame seed,104,924546,802897,991885,946156,1131907,904069,1015357,723983,615527,963557,1239958,1159379,1266667,1327775,1337892,1187349,1367029,1430970,1431000,1563302,1519191,1531737,1492077,1524452,1464963,1511363
Myanmar,Sorghum,104,231830,231830,231830,231830,231830,231830,231830,246000,239500,251700,250500,229900,232300,230700,229500,253300,238700,203900,206800,223768,220706,222060,224677,227167,235372,238214
Myanmar,Soybeans,104,31603,33184,37231,43706,59894,71629,68392,77700,101576,107646,114121,117759,116145,135165,145282,155804,157423,158232,166326,170777,169159,157423,157423,154995,150948,148520
Myanmar,Spices nes,104,1300,1600,1800,2000,2200,2300,2600,3200,3500,3300,3250,3300,3200,3100,3100,3000,3000,3100,3200,3400,3350,3200,3200,3250,3950,6800
Myanmar,Sugar cane,104,48200,51395,71629,60703,49776,63536,81747,103195,122620,125453,132737,157828,142449,146496,139617,129095,144473,165921,161874,157828,150139,153376,153781,169159,178467,161874
Myanmar,Sugar crops nes,104,15800,16200,16200,16200,16200,17800,17400,17000,17000,20200,21900,24300,26000,25900,26300,27100,27100,27500,27100,27100,28045,30139,30026,30428,30981,31925
Myanmar,Sunflower seed,104,133932,145211,132572,143981,111213,179504,221244,121684,114620,319340,450667,494361,486053,509138,505000,510000,655000,585000,881150,881150,882940,543112,540000,496166,480643,465672
Myanmar,Sweet potatoes,104,5100,5000,5000,4994,4858,4809,5000,5000,5000,5414,6641,8562,9000,9000,7000,7000,7000,7000,7100,7200,7144,7151,6886,6837,6785,6864
Myanmar,Tea,104,57100,57870,58275,58275,59489,59894,61108,67987,62726,66773,67178,68797,70820,71629,72439,74058,76081,76890,78104,78914,79318,78509,80128,81747,83770,83753
Myanmar,"Tobacco, unmanufactured",104,30400,42897,41278,37636,31161,28733,33589,33590,29947,33184,33185,29136,20639,22258,25900,25900,16997,13355,17806,16592,16997,16592,16592,15783,16187,15887
Myanmar,"Vegetables, fresh nes",104,136400,137200,156200,156200,157400,167500,179700,187000,200300,206000,207000,210000,215000,220000,222598,220000,230000,235000,240000,245000,250000,258000,255000,256000,261021,273412
Myanmar,Wheat,104,130103,147306,145282,114526,106837,91054,90245,87817,95911,105214,80128,79315,83365,95101,107646,112098,91864,98339,99553,103600,101576,95506,99553,101172,98743,96315
Myanmar,Total,104,8681138,8488733,9521161,10008496,10568609,11178820,11285483,10586304,10664530,12643214,13398088,13763044,14066413,14559546,15011415,15763584,17125585,17372963,18094041,18322246,18285637,17492380,16936868,17252866,17375123,17455922
Philippines,Agave fibres nes,608,3216,4115,3979,3833,2660,3600,3800,3823,3864,3901,3931,3953,3970,3981,3984,3979,3972,3965,3957,3952,3949,3950,4000,4000,4000,4009
Philippines,Asparagus,608,262,297,547,664,1088,1291,1384,1321,1022,1423,1502,1784,2270,1513,1654,1614,1524,970,706,536,368,349,368,306,305,305
Philippines,Avocados,608,4986,4899,4932,4960,4980,5042,5112,5152,5219,5213,5124,5199,5300,5328,5392,5504,5418,5464,5392,5395,5397,5371,5395,5371,5255,5214
Philippines,Bananas,608,311819,317108,321195,326761,335131,339398,344448,348648,353707,372127,382491,386703,398005,408000,414510,417755,428804,436762,438593,446371,449443,450125,454262,446017,181715,182973
Philippines,"Beans, dry",608,36593,34244,32669,33032,33928,34781,35342,36267,37683,39281,39661,37127,36510,35618,36300,36115,35732,39011,39923,38658,40080,45283,44351,43589,42978,41426
Philippines,"Beans, green",608,5402,2304,2410,2475,2868,3031,3325,3576,3146,3114,3060,3009,3078,3097,3162,3355,3370,3623,3723,3662,3770,3631,3566,3504,3397,3241
Philippines,Cabbages and other brassicas,608,8626,10986,10082,10370,10678,8529,7956,7858,7532,7637,7672,7711,7802,7746,7705,7420,7323,8502,8596,8483,8561,8550,8531,8414,8310,8179
Philippines,Carrots and turnips,608,3225,4151,3736,3767,3633,3781,3619,3614,3659,3807,4071,4141,4277,4260,4385,4377,4249,5669,5872,5875,5902,5744,5729,5693,5633,5518
Philippines,"Cashew nuts, with shell",608,25646,25628,25725,25725,27909,28353,28855,28900,28793,28787,27981,27979,27863,27835,27802,27683,27610,27574,27516,27428,28114,28204,28316,28663,28602,28639
Philippines,Cassava,608,213653,210908,204175,211263,212877,225751,228343,230522,215263,223622,210208,208183,207620,209214,205755,204784,204578,209633,211657,215933,217622,221235,217259,217146,216775,222993
Philippines,Castor oil seed,608,9000,9000,9000,9000,5000,5000,5000,4600,4200,3800,3400,3000,2600,2500,2500,2100,1700,1200,200,144,130,115,102,89,77,70
Philippines,Cauliflowers and broccoli,608,380,355,646,543,597,687,1170,1064,1090,1103,1117,1146,1134,1145,1217,1224,1205,1214,1262,1267,1253,1360,1386,1408,1401,1364
Philippines,Chicory roots,608,218,227,228,252,260,254,271,268,238,215,207,211,210,217,252,416,407,405,440,450,463,490,510,526,536,531
Philippines,"Chillies and peppers, green",608,1070,3483,3604,3993,4010,4312,4385,4483,3771,4206,4471,4569,4714,4695,4753,4719,4532,4719,5028,5044,5117,5191,5146,5056,5018,4973
Philippines,"Cocoa, beans",608,18377,17287,16791,16794,16146,16235,15861,15151,14959,15018,12077,11997,11525,10846,10845,10719,10354,9985,9751,9538,9463,9582,9338,9431,12035,13911
Philippines,Coconuts,608,3111978,3093262,3075025,3076238,3082727,3094504,3149037,3134417,3115829,3137881,3143909,3148651,3181670,3216528,3258576,3243278,3337378,3359777,3379740,3401500,3575944,3561981,3574614,3551299,3502011,3517743
Philippines,"Coffee, green",608,144007,145377,144851,143843,142651,140897,137215,136533,133902,133208,136921,135354,132408,131790,131206,127975,126063,123975,123269,122645,121399,119637,120000,116460,117451,113738
Philippines,"Cow peas, dry",608,2100,308,333,337,362,381,364,385,295,288,308,312,299,342,338,344,355,397,448,447,352,356,347,346,325,300
Philippines,Cucumbers and gherkins,608,1129,1123,1165,1093,1143,1187,1447,1403,1438,1554,1476,1486,1541,1567,1608,1587,1603,1704,1754,1834,1809,1793,1839,1891,1875,1869
Philippines,Eggplants (aubergines),608,16425,14465,15535,17416,17762,17643,18074,18954,16102,19386,19949,20422,20813,20984,21068,21233,20901,21613,21299,21170,21423,21377,21485,21239,21159,21008
Philippines,Fibre crops nes,608,750,790,804,800,900,950,938,1000,966,963,956,947,936,856,851,727,729,745,766,793,788,900,900,900,900,902
Philippines,"Fruit, citrus nes",608,14761,15100,15439,15999,16477,16972,17402,17789,17930,18776,19418,19668,19781,19947,20013,20209,20253,20545,20956,20912,20987,21141,20827,20262,20065,19993
Philippines,"Fruit, fresh nes",608,19000,19200,19400,19700,19100,20000,21300,21000,20900,21000,22000,28000,31300,35400,35000,40000,45700,57000,83000,97654,97987,98021,98525,135213,165226,198208
Philippines,"Fruit, tropical fresh nes",608,297000,305000,307000,302000,302000,308000,339000,331000,329000,330000,315032,350000,352610,360000,357634,357367,338712,359664,365000,370000,366326,380000,380000,380000,380000,376951
Philippines,Garlic,608,6406,4456,4189,4262,5793,6299,6298,7912,5185,3799,5269,5707,5637,5459,5312,4704,4448,3863,3849,3552,3039,2830,2676,2539,2555,2744
Philippines,Ginger,608,3519,3515,3519,3461,3518,3543,3571,3348,2929,3279,3583,3681,3643,3611,3795,3873,3941,3974,3926,3948,3967,4037,4012,3963,3850,3805
Philippines,Grapefruit (inc. pomelos),608,4400,3746,3742,3740,3660,3752,4432,4592,4737,4545,4648,4674,4729,4730,4794,5141,5152,5248,5306,5334,5332,5330,5323,5176,5149,5115
Philippines,Grapes,608,260,233,238,238,233,336,331,326,349,369,367,282,271,274,441,435,397,380,379,378,377,374,370,365,366,419
Philippines,"Groundnuts, with shell",608,44489,38924,44481,44805,46980,47555,28684,26454,25269,27166,26866,26668,27057,26709,26896,27472,27642,28316,27726,28235,27123,26902,26110,25602,25048,24580
Philippines,"Leeks, other alliaceous vegetables",608,1215,1215,1215,382,581,747,771,954,897,957,1111,1137,1334,1348,1401,1412,1463,1503,1561,1601,1564,1569,1613,1415,1335,1294
Philippines,Lemons and limes,608,129,616,643,634,656,657,680,691,710,727,707,728,758,752,751,747,758,759,755,715,583,530,532,526,504,508
Philippines,Lettuce and chicory,608,218,227,228,252,260,254,271,268,238,215,207,211,210,217,252,416,407,405,440,451,466,482,500,543,512,484
Philippines,Maize,608,3819560,3589460,3331410,3149340,3005820,2692332,2735723,2725875,2354208,2642208,2510342,2486588,2395456,2409828,2527135,2441788,2570673,2648317,2661021,2683890,2499040,2544612,2593924,2563718,2611432,2561934
Philippines,"Mangoes, mangosteens, guavas",608,77137,88884,92513,97623,105643,114770,124105,131959,136966,139878,141620,145101,158598,164109,167172,172413,179900,192418,195175,196658,197816,195401,197157,196358,196412,196662
Philippines,Manila fibre (abaca),608,102494,104346,102155,102164,103127,105641,116300,112456,106299,111384,106816,107145,121941,121476,127461,135966,135883,136049,137520,135081,135090,138991,138523,138369,134773,138497
Philippines,"Melons, other (inc.cantaloupes)",608,384,496,567,972,1076,834,832,1066,975,861,747,759,844,936,954,1060,1043,1060,917,901,1015,929,941,975,965,952
Philippines,Nuts nes,608,2500,1523,1474,1380,1247,1245,1227,1278,1446,1629,1632,1894,1909,2049,2045,2122,2130,2130,2152,2161,2158,2292,2292,2293,2285,2244
Philippines,Oil palm fruit,608,13000,14000,14000,15000,14000,14000,14000,14000,14000,15000,16000,16000,19987,20806,22211,25478,31444,36819,38599,41444,45044,49328,53015,53856,55083,59754
Philippines,Oilseeds nes,608,17000,18138,18000,18500,19000,18613,20000,18531,18000,20000,18577,18465,18330,18336,17672,17468,17011,16879,16762,16666,16595,16000,16000,16000,16400,16465
Philippines,Okra,608,2368,2407,2443,2434,2738,2861,2842,2939,2414,2729,2907,2972,3024,3018,3121,3138,3211,3287,3488,3555,3571,3497,3570,3587,3648,3693
Philippines,"Onions, dry",608,6422,6391,5854,6519,7559,8693,9806,11888,12779,9602,9579,10094,10035,9516,9513,8884,8442,15879,14579,14526,15169,14641,15012,15437,15844,14861
Philippines,"Onions, shallots, green",608,1530,1334,1377,1000,600,490,400,200,0,0,0,0,578,578,578,578,578,578,578,578,578,578,578,578,578,578
Philippines,Oranges,608,2104,2128,2084,2088,2066,2074,2109,2131,2219,2317,2280,2299,2286,2275,2269,2167,1936,1817,1677,1657,1630,1556,1524,1465,1447,1417
Philippines,Papayas,608,6244,6371,6490,6800,7052,7161,7375,7490,7588,7913,8440,8422,8761,8871,8969,9459,9280,9125,9175,8904,8751,8647,8585,8399,7918,7748
Philippines,"Peas, dry",608,7,7,7,7,7,7,7,7,7,7,7,7,7,7,38,38,1,1,1,1,1,1,0,0,0,7
Philippines,"Peas, green",608,8200,8400,8700,9300,9600,10000,9211,8500,9500,9500,9500,10000,9490,8998,2568,2545,2524,2550,2550,2452,2251,2245,2004,1939,1707,1495
Philippines,Pepper (piper spp.),608,1899,2002,2029,2021,2034,2016,2019,1912,1927,1934,1940,1943,1917,1914,1880,1864,1859,1829,1874,1870,1882,1880,1843,1696,1692,1687
Philippines,Pigeon peas,608,700,719,824,805,760,708,803,817,798,779,776,767,786,791,796,799,823,667,730,411,572,555,514,503,496,500
Philippines,Pineapples,608,40795,38907,38424,39274,40483,41580,42215,42924,42936,43265,42968,44340,44961,47663,48238,49215,49813,53978,58251,58823,58547,58457,58450,60759,61643,62812
Philippines,Plantains and others,608,260717,260717,260717,260717,260717,260717,260717,260717,260717,260717,260717,260717,260717,260717,260717,260717,260717,260717,260717,260717,260717,260717,260717,260717,261036,260397
Philippines,Potatoes,608,4217,9557,10292,9317,10112,5364,6424,6505,5054,5242,5172,5322,5366,5394,5446,5497,5450,7939,7994,7904,8129,8171,8096,7890,7868,7843
Philippines,Pulses nes,608,30500,31100,31200,31000,36000,41800,40500,39400,38500,37000,35863,36500,35457,35419,35378,34849,36000,35592,37793,39000,38499,38000,38000,38000,38148,33834
Philippines,"Pumpkins, squash and gourds",608,8109,11164,11001,10194,10311,10586,11152,11422,10654,11102,10956,11082,11181,23873,23708,23800,22712,22161,21989,21717,21274,20650,20639,20034,20056,20258
Philippines,Ramie,608,5877,1047,544,116,84,55,20,15,14,12,12,0,168,278,287,312,226,168,199,184,170,124,114,0,0,0
Philippines,"Rice, paddy",608,3318720,3424960,3198070,3282350,3651530,3758691,3951136,3842270,3170042,3999839,4038085,4065441,4046318,4006421,4126645,4070421,4159930,4272889,4459977,4532310,4354161,4536642,4690061,4746091,4739672,4656227
Philippines,Roots and tubers nes,608,3300,3238,3325,3292,3390,3420,3500,3300,3000,3200,3233,3300,3399,3000,3300,3411,3500,4000,5000,6000,7292,6000,5600,5200,5219,6000
Philippines,"Rubber, natural",608,86332,88000,84260,85374,86005,86668,89993,92929,93146,91536,81036,78108,81312,80524,80696,81925,94347,110972,123260,128337,138710,161565,176244,185476,217687,222602
Philippines,Seed cotton,608,10569,14958,35164,21306,7872,7675,9495,6283,4545,4028,2535,3219,4163,1994,2972,5956,2906,1426,538,310,48,176,188,157,14,5
Philippines,Sorghum,608,169,3248,2357,2523,4305,3260,4440,3056,2719,506,482,260,120,114,106,106,80,80,81,72,68,82,214,170,130,128
Philippines,Soybeans,608,4050,2116,1652,1772,1888,2292,1547,1245,869,856,774,737,768,754,752,755,788,492,738,626,583,517,434,569,596,481
Philippines,Spinach,608,171,91,115,117,118,121,117,138,129,148,147,145,150,146,146,148,140,203,220,222,210,217,236,257,292,299
Philippines,Strawberries,608,140,100,100,100,90,141,80,80,80,77,78,78,78,54,54,54,54,53,107,106,106,108,105,111,123,124
Philippines,String beans,608,7048,6975,6641,6935,7039,7199,7879,7776,7496,7944,7643,7559,7733,15213,15257,15291,14707,15021,14848,14832,14681,14298,14205,13770,13786,13808
Philippines,Sugar cane,608,318403,271496,266977,384009,401635,302005,395640,375181,307173,404065,383824,373705,359867,383900,388627,368944,392280,382956,397991,404034,354878,439698,433303,437070,432026,421312
Philippines,Sweet potatoes,608,136717,136376,140663,146553,146111,145236,141006,141701,130387,132349,127682,124637,122487,122239,120531,120638,118829,117584,116465,114380,109438,103704,101087,94844,88968,85843
Philippines,"Tangerines, mandarins, clementines, satsumas",608,8735,8588,8929,8368,7686,7675,8692,9248,9099,9062,9135,9150,9114,9102,8917,8858,9646,9621,9583,9444,9289,9107,9113,9009,8982,8779
Philippines,Taro (cocoyam),608,29969,22077,21646,21322,21214,21424,24808,23115,19895,18100,17999,18072,18332,18202,18081,18077,18155,18215,18168,17882,16998,16827,16362,15819,15384,15345
Philippines,"Tobacco, unmanufactured",608,63200,67936,95045,90853,51667,56306,54218,51105,48489,47306,44042,40903,40659,41721,33772,29589,26323,23863,22182,26104,29706,32235,34025,34451,36082,33096
Philippines,Tomatoes,608,20037,19476,18241,15625,17493,17896,16861,17105,14908,16808,16692,16496,16699,16779,17687,17731,17128,17544,17646,17656,17663,17556,17345,17231,16742,16165
Philippines,"Vegetables, fresh nes",608,420000,427840,440000,447345,452794,439023,500000,450000,460000,470000,480000,490000,500000,494022,450000,494186,500000,521522,533515,544682,555890,580000,600000,600000,605487,621127
Philippines,Watermelons,608,6364,7297,7422,7414,6664,6066,5523,5221,4436,4292,4046,3690,4879,5316,5779,6545,6910,7234,6246,6237,6703,6102,6245,6913,7020,7357
Philippines,Yams,608,4703,5361,5367,5605,5472,5446,5607,5446,5121,5188,5321,5015,5404,5707,5806,5890,5999,5839,5212,4929,4744,2974,2688,2621,2616,2433
Philippines,Total,608,13160650,13001780,12555605,12586066,12819577,12555813,13047015,12839504,11669357,12955750,12819305,12865572,12835156,12908569,13147436,13037366,13390058,13708038,14008308,14181168,13968765,14331520,14576885,14609284,14394625,14317776
Singapore,Bananas,702,25,10,0,12,12,12,12,12,12,12,12,12,12,12,12,12,12,12,12,12,12,12,12,12,12,12
Singapore,Cabbages and other brassicas,702,28,28,28,28,28,28,28,28,28,28,28,28,28,25,20,24,28,30,25,25,27,30,32,31,32,33
Singapore,Cassava,702,1,1,1,1,1,1,1,0,0,0,0,0,0,0,0,0,0,0,0,0,0,0,0,0,0,0
Singapore,Coconuts,702,150,80,53,40,39,34,25,15,16,16,17,15,15,16,15,15,15,15,15,15,15,15,17,18,20,14
Singapore,Cucumbers and gherkins,702,60,55,50,25,10,4,2,0,0,0,0,0,0,0,0,0,0,0,0,0,0,0,0,0,0,0
Singapore,"Fruit, fresh nes",702,195,55,30,15,3,11,3,3,3,3,3,3,3,5,4,3,3,3,3,3,3,3,3,3,3,1
Singapore,Lettuce and chicory,702,0,0,0,17,17,17,17,17,17,17,17,17,17,15,16,15,16,14,15,16,15,17,21,21,19,18
Singapore,Mushrooms and truffles,702,3,3,3,3,3,3,3,3,3,3,3,3,3,1,1,1,1,1,1,8,5,5,4,4,4,2
Singapore,Roots and tubers nes,702,1,1,1,1,1,1,1,1,1,1,1,1,1,1,1,1,1,1,1,1,1,1,1,1,1,1
Singapore,Spinach,702,98,98,98,98,98,98,98,98,98,98,98,98,98,90,97,91,88,100,96,105,95,100,100,101,102,103
Singapore,Sugar cane,702,2,0,0,1,1,1,1,1,1,1,1,1,1,1,1,1,1,1,1,1,1,1,1,1,1,1
Singapore,Sweet potatoes,702,1,1,1,1,1,1,1,0,0,0,0,0,0,0,0,0,0,0,0,0,0,0,0,0,0,0
Singapore,"Tobacco, unmanufactured",702,6,7,6,6,3,3,1,0,0,0,0,0,0,0,0,0,0,0,0,0,0,0,0,0,0,0
Singapore,Tomatoes,702,3,3,3,3,3,3,3,3,3,3,3,3,3,2,2,2,2,2,2,2,1,3,4,4,4,5
Singapore,"Vegetables, fresh nes",702,500,250,280,276,300,375,440,510,580,640,710,770,840,850,920,980,1000,886,889,888,980,1000,1200,1200,1200,1202
Singapore,Total,702,1073,592,554,527,520,592,636,691,762,822,893,951,1021,1018,1089,1145,1167,1065,1060,1076,1155,1187,1395,1396,1398,1392
Thailand,Areca nuts,764,8134,8534,8823,8341,9656,10000,8000,10359,9000,11000,13000,14000,16000,16659,33500,13000,16000,23000,21000,24000,23326,21000,24000,24000,21540,23031
Thailand,Asparagus,764,2000,2500,3000,3500,4000,4500,5000,5500,6000,6500,7945,13297,16876,17204,20046,20658,18606,21164,17783,17146,16657,2280,2552,1918,1790,1408
Thailand,Bananas,764,126546,137255,139548,138737,133000,135000,141120,130000,134000,148000,156269,151211,139000,148360,124378,118595,126505,132021,132491,133162,133527,86729,80439,40071,36821,38061
Thailand,Barley,764,803,1951,2895,6000,7700,10000,11715,7757,8439,8792,6132,6913,7000,11500,12000,14000,17785,21885,25568,29217,32670,36954,40466,43001,53808,53051
Thailand,"Bastfibres, other",764,121661,93920,91680,85760,74855,70080,66320,61600,27840,16960,25557,41820,10643,7236,10229,12103,4725,2617,1416,2096,1665,1705,2560,2573,1760,997
Thailand,"Beans, dry",764,427902,417616,350240,314560,335040,332772,303914,273514,288755,307956,279981,295360,273440,231680,177760,152800,145120,142880,134880,136800,141118,133513,135037,128768,121220,111310
Thailand,"Beans, green",764,120000,135000,155000,185000,210000,230000,250000,265000,280000,290000,299051,313770,292674,248279,197432,172034,166726,164429,156493,155102,167091,170594,172000,172000,169306,159015
Thailand,Cabbages and other brassicas,764,16647,18251,17921,17600,18019,17800,18000,17369,18300,18400,47926,43004,52995,39626,37527,38695,36413,38700,39128,39363,40925,33914,22090,10886,11057,11146
Thailand,Canary seed,764,4025,5000,5356,5371,5500,5539,5644,5723,5721,6000,5922,9000,35000,75000,84944,87035,87936,86766,86548,86162,85752,85438,85000,86000,85867,86687
Thailand,"Cashew nuts, with shell",764,10485,15000,15574,16855,18000,19127,20000,21133,21000,22000,27811,22769,20422,25415,26444,33968,27280,25893,25089,24536,23847,18230,17258,16198,15763,15413
Thailand,Cassava,764,1487540,1433580,1450539,1438017,1382695,1245157,1228114,1230381,1044381,1065435,1130942,1049248,988220,1021836,1057338,985908,1070806,1174209,1183536,1326743,1184827,1135388,1362119,1385111,1348996,1433815
Thailand,Castor oil seed,764,43840,44800,47840,48480,11680,11520,11040,11520,12640,12640,12471,12860,13114,13270,12674,13407,12916,13015,13136,13253,12780,13241,3167,665,598,593
Thailand,Cauliflowers and broccoli,764,4500,4700,4247,4155,4800,5000,5300,3960,5500,3526,2404,2142,3605,2896,3466,3381,2970,3459,3457,3455,3235,2463,1585,1363,1228,1040
Thailand,Cereals nes,764,5600,5266,9020,10000,12000,12122,12500,13000,13500,16000,20000,25000,27000,28000,30000,35000,42000,74000,74000,80000,85000,81635,83000,85000,90281,103397
Thailand,"Chillies and peppers, dry",764,11872,14608,21440,21600,21760,22080,22240,22080,23040,23200,66421,67367,67685,69058,69452,69596,70388,70605,70984,71305,71803,74709,81084,87793,87176,85645
Thailand,"Chillies and peppers, green",764,870,1050,1050,1200,1300,1200,1100,1200,1250,1200,1200,1300,1250,1200,1200,1100,1000,1100,1200,1300,1297,1312,1350,1350,1339,1347
Thailand,"Cocoa, beans",764,954,837,796,732,636,563,504,430,364,360,992,1188,930,665,468,469,465,390,366,319,311,216,134,41,42,42
Thailand,Coconuts,764,346140,337120,336480,344480,352960,335360,333920,330560,330560,327680,315150,303481,293251,278417,270368,265403,258187,255697,245725,237882,230950,215993,213197,208603,207126,191540
Thailand,"Coffee, green",764,60320,67200,74720,72480,69920,71423,69405,67832,65027,65120,67486,69170,70289,70447,70932,69535,68780,67941,62186,58454,57518,51663,48978,47733,41754,40229
Thailand,Cucumbers and gherkins,764,27000,26961,27200,27500,24000,25000,24000,23617,23463,27200,24721,24443,21859,21087,22164,23580,22779,23015,23247,23112,23449,24522,22853,18104,18200,18265
Thailand,Eggplants (aubergines),764,10083,7599,8962,8000,7500,7000,6500,5500,5000,5000,4051,5089,5048,4573,3997,2167,1940,2084,1947,2034,2223,1407,864,733,820,730
Thailand,Fibre crops nes,764,1171,800,600,1000,876,900,883,892,1000,915,900,905,950,920,960,950,950,950,950,920,900,850,850,850,902,874
Thailand,"Fruit, citrus nes",764,50,40,80,125,400,360,500,1000,1100,1400,1343,1500,1641,1600,2700,1700,2500,2386,2590,2530,2586,2656,2700,2700,9500,8900
Thailand,"Fruit, fresh nes",764,10000,11113,12500,13000,14500,16500,17000,18535,17500,18138,18500,21000,17500,17000,17894,18721,19387,19925,20000,23000,25000,33000,36000,33000,41349,44340
Thailand,"Fruit, tropical fresh nes",764,166700,168600,170400,171000,172000,176000,201365,175000,210689,176000,326371,352875,374945,396614,417240,442860,458236,472452,473452,464105,458161,463323,458973,452167,450000,491617
Thailand,Garlic,764,25632,24096,24608,24272,24512,26307,27040,23520,21570,21760,21775,23580,22085,20808,15516,16831,13331,12094,13821,11094,10836,11949,13043,14876,12663,11446
Thailand,Ginger,764,9000,9600,11000,10000,9000,8499,8653,8288,8590,8500,8111,9927,13533,10042,6673,7855,8208,9048,9855,10081,10248,9757,9592,9730,9693,9656
Thailand,Grapefruit (inc. pomelos),764,9500,9571,9820,10853,14000,18000,21000,22000,22500,23000,23271,27156,32322,26478,21662,30736,31658,32154,32500,32158,31779,30073,28651,27264,26720,26720
Thailand,Grapes,764,2118,2100,2200,2496,2700,2400,2600,2060,1958,2413,2625,2793,2870,3715,2929,4038,4095,4177,4249,4337,4426,4478,4403,4453,4498,4538
Thailand,"Groundnuts, with shell",764,117440,109938,100535,91596,100184,96830,95284,81785,86497,86947,82786,66332,68876,46082,39993,39896,38310,32519,32674,28763,30835,30114,29483,26337,23660,21744
Thailand,Jute,764,14727,10015,8678,10000,7000,5700,4300,3800,2894,2900,2995,2968,3400,2809,2618,2601,1912,1301,1433,1221,954,668,389,150,143,140
Thailand,Kapok fruit,764,35360,35840,37920,37440,39680,39360,39520,39520,38560,38240,38080,38080,38080,38100,38000,35605,31676,29426,29442,29458,29287,27159,25634,24602,23499,22934
Thailand,Lemons and limes,764,21000,20800,20500,20000,19800,21000,24000,26000,28000,29000,30186,31748,33973,28980,17957,17645,17574,18005,16898,16144,15643,14883,15037,15039,16037,16420
Thailand,Lettuce and chicory,764,1500,1800,2200,2500,2700,2900,3100,3200,3300,3300,3287,3853,3864,2858,3570,2927,3450,3509,3631,3632,3637,3576,3595,3643,3662,3512
Thailand,Maize,764,1545135,1398610,1235980,1217680,1351350,1263400,1314656,1198055,1380480,1206560,1218287,1204697,1146669,1103271,1125119,1072716,995614,989992,1042826,1104870,1162898,1148576,1144606,1154344,1131728,1131757
Thailand,"Maize, green",764,11500,12500,14600,17500,21359,20495,21543,27991,28217,27321,22580,34853,36032,34617,38295,34424,26634,34292,35365,28397,29386,30585,30072,30331,29600,34917
Thailand,"Mangoes, mangosteens, guavas",764,128000,170000,168195,168208,195000,195695,197872,221927,227293,244747,269306,274915,209231,275144,283505,310118,281988,297601,305114,308026,311048,345684,398372,399543,410707,407682
Thailand,Nuts nes,764,11500,12800,12874,13300,13844,14313,15000,15236,16000,16095,17000,17800,18000,19000,19000,19000,20000,18000,18000,17000,15496,14126,12600,12600,12205,11044
Thailand,Oil palm fruit,764,96000,103108,105908,133452,139160,153422,166915,177492,205489,215220,230053,242852,263018,287903,309165,324193,379872,426120,461555,510003,541569,570474,592081,603700,643811,648198
Thailand,"Onions, dry",764,15422,15800,17500,17000,18000,19000,19653,18918,18016,19003,19947,3171,2728,1955,2275,1866,1420,1779,1575,1516,1743,1934,1940,1622,1410,1416
Thailand,"Onions, shallots, green",764,15259,15259,15259,15259,15259,15259,15259,15259,15259,15259,15259,16149,16073,16348,17828,17325,17424,17292,16968,16562,15685,15511,15417,10347,9942,10008
Thailand,Oranges,764,17750,17891,18000,17840,17789,17749,17500,17768,17800,17913,18000,18431,19000,19363,20000,20225,20568,20916,21233,21580,21785,22000,22000,22000,22258,23021
Thailand,Papayas,764,8341,10167,9935,12000,15000,16000,17500,18500,19500,21000,20228,16327,18966,17436,16077,12468,8171,11609,11876,12140,12366,8539,6703,4320,4320,4287
Thailand,"Peas, green",764,2250,2300,1900,1800,1600,1400,1200,1000,800,600,412,422,346,443,330,320,396,423,431,434,454,597,418,329,299,155
Thailand,Pepper (piper spp.),764,5080,2880,2720,2560,2400,2240,2080,1760,2080,2240,1918,2122,2440,3184,3152,3120,3027,2787,2060,2142,1991,1210,734,412,412,440
Thailand,Pineapples,764,74514,79693,89760,99840,99360,90493,83341,84698,81874,99200,97688,91898,79466,81420,89004,98208,101125,94449,93116,90656,93312,103413,99130,85272,72376,68694
Thailand,Potatoes,764,2000,3000,3500,4000,4500,5000,5229,5598,7320,7656,7656,7522,8066,6669,6969,7538,7759,7981,7610,7616,9481,9539,9073,7010,6168,7603
Thailand,Pulses nes,764,53000,51000,49522,49000,49542,49735,47000,50825,49000,51000,55000,58131,57000,79000,79000,79000,79000,79000,89000,90283,92126,91000,96000,98000,101116,103806
Thailand,"Pumpkins, squash and gourds",764,15315,16500,17000,17500,17300,17700,18106,17000,17331,17700,23011,22676,24138,17497,25055,11297,11657,15102,17198,17483,18970,13207,10639,6161,5845,4222
Thailand,"Rice, paddy",764,8791885,9052960,9159680,9000000,8975229,9112951,9267200,9912790,9511520,9969920,9891200,10125424,9653534,10163878,9992868,10224967,10165155,10668905,10683549,11141447,11932320,11956638,11956781,11684315,10664923,9717975
Thailand,Roots and tubers nes,764,3922,3349,3949,4500,5000,5500,6500,7000,6500,7500,8450,7712,7457,9023,10527,10538,12369,13645,13781,14325,14990,15000,15000,15500,16270,17029
Thailand,"Rubber, natural",764,1400000,1097835,1152873,1211380,1249468,1276359,1310404,1344506,1386411,1432084,1462076,1503944,1553764,1600658,1655991,1691099,1742896,1766849,1819502,1856072,1929257,2042502,2519760,2634034,2915813,3015361
Thailand,Seed cotton,764,71122,97856,71360,49368,55152,54927,51360,35200,28767,25440,25600,41760,10644,7235,7239,11542,8743,8295,5000,5000,2000,2000,2000,2000,2000,2000
Thailand,Sesame seed,764,58400,61600,59360,60320,59360,60960,61760,60960,61920,62400,62674,62974,63250,63504,63738,64838,65035,65430,65614,65769,66145,66211,48102,44785,42547,41788
Thailand,Sisal,764,106,80,75,67,60,57,55,58,60,63,65,66,71,70,74,74,66,62,57,52,46,41,40,40,42,37
Thailand,Sorghum,764,188240,192533,173120,146080,167200,129016,134240,104320,105000,87040,85440,83330,71468,51549,35868,40712,32278,32267,32925,28726,28178,28341,27794,26688,23740,22574
Thailand,Soybeans,764,407837,318265,343200,379840,395360,275057,255520,235970,219250,224640,215014,176446,174838,149706,145938,144192,137640,126386,116684,106760,89760,89733,49817,30828,35067,34235
Thailand,Spices nes,764,2000,1838,1785,1650,1720,1713,1718,1729,1741,1700,1800,1833,1900,1889,1899,1908,1915,2000,1930,1921,1912,1903,1900,1900,1928,1939
Thailand,Sugar cane,764,686400,782312,916359,991589,799539,922705,985004,980261,943580,917532,913639,877023,1011169,1139289,1121897,1067244,965333,1010287,1054108,963646,1009583,1259240,1282082,1321595,1353025,1400748
Thailand,Sunflower seed,764,30916,30916,30916,30916,30916,30916,30916,30916,30916,30916,68450,36567,37854,45755,28657,42020,33221,30567,26029,26413,27063,31000,31000,8896,16374,4785
Thailand,"Tangerines, mandarins, clementines, satsumas",764,35500,35632,36000,36905,36971,36535,35000,35951,35500,41352,48326,49256,50516,52532,54563,58832,57953,49896,43872,37122,23750,17112,15087,13801,13073,10544
Thailand,Taro (cocoyam),764,4762,5064,4988,5000,4906,4800,4889,4900,4941,5000,5249,5500,5741,6000,6500,7000,7114,7455,7969,8327,8692,8863,9000,9500,9834,10293
Thailand,Tea,764,9500,9000,9000,8500,8000,7500,7000,6500,6000,6300,6058,6501,8602,10769,14992,15289,16024,16958,18138,18635,19459,20214,13087,7941,8315,6651
Thailand,"Tobacco, unmanufactured",764,63095,62220,74000,42000,45200,42300,45800,49700,51000,51300,31363,31166,32780,37074,30502,30497,32120,42570,31870,30836,31198,31565,28026,26419,24665,16439
Thailand,Tomatoes,764,9000,9440,5760,7200,9760,9120,8000,10080,8800,9381,9870,10443,7689,7817,7901,7665,6057,6187,5917,6093,6013,5827,5505,5269,5617,5117
Thailand,"Vegetables, fresh nes",764,128500,129415,129534,131000,135000,140000,130000,128947,135000,121427,103610,111764,110328,116662,121616,118968,119072,125381,126785,126225,128185,112415,103991,88940,85984,90971
Thailand,"Vegetables, leguminous nes",764,95,135,148,161,167,180,166,150,170,172,180,182,190,196,200,200,215,225,240,270,277,282,300,300,296,306
Thailand,Watermelons,764,25209,27000,27408,27200,28000,27500,26000,26840,27000,27500,28117,26526,29221,70941,70348,42723,52706,63886,51930,45289,41478,25471,14746,6624,7512,7686
Thailand,Wheat,764,750,862,964,1200,1000,942,1100,1095,1200,1142,1148,1000,1163,1195,1204,1227,1262,1254,1267,1253,1260,1221,1150,1200,1213,1259
Thailand,Total,764,17169425,17012881,17136504,17074465,17081844,17006938,17295067,17763535,17419673,17779805,18060336,18226532,17703692,18427406,18261327,18348152,18242443,19038664,19192769,19805773,20654139,20917366,21593036,21343288,20619253,19904590
Timor-Leste,Avocados,626,184,184,184,90,95,153,188,98,72,67,70,90,100,110,130,150,190,200,237,296,296,292,311,322,331,348
Timor-Leste,Bananas,626,180,145,150,41,245,159,100,150,65,48,45,50,55,60,66,75,86,140,142,142,143,129,238,416,482,821
Timor-Leste,"Beans, dry",626,2906,6968,4851,8445,6925,10666,8625,7914,3850,5000,4500,5000,6000,6423,6807,7148,7577,7311,7484,7644,7792,7931,8250,8300,8279,8063
Timor-Leste,"Beans, green",626,5,24,30,212,159,519,514,522,182,230,250,431,576,741,893,850,1250,1540,2000,2217,762,2847,3000,3039,3631,3669
Timor-Leste,Cabbages and other brassicas,626,265,478,252,661,336,548,396,704,303,350,400,411,396,380,340,294,313,300,315,386,217,249,265,252,250,240
Timor-Leste,Cassava,626,8409,13007,12940,12940,19102,18994,13593,10319,7996,10319,10500,12000,14000,10000,15000,10000,9717,10274,10006,10757,6120,5784,6221,7532,7189,6623
Timor-Leste,"Cocoa, beans",626,285,285,125,132,553,603,1120,1061,1000,1094,1005,1067,1128,1189,1244,1258,1301,1343,1385,1425,1464,1503,1540,1430,1776,1796
Timor-Leste,Coconuts,626,15203,17582,17962,16485,13294,13930,14488,16216,16133,16052,15971,18186,15812,15733,15622,15479,15436,15271,14623,14623,14823,14823,12000,13300,13587,12653
Timor-Leste,"Coffee, green",626,53000,55000,55316,55300,55000,58401,56000,63533,64000,65000,60000,63000,67345,60000,65000,65000,65000,65000,52182,53816,53832,54341,14732,17048,23872,32196
Timor-Leste,Cucumbers and gherkins,626,18,0,7,66,19,80,60,62,129,122,120,110,100,90,64,65,70,70,73,167,169,170,142,134,132,152
Timor-Leste,"Fruit, tropical fresh nes",626,2218,169,162,16,85,345,229,217,169,180,150,170,200,213,220,197,197,197,196,196,196,195,195,195,202,205
Timor-Leste,Garlic,626,124,314,150,570,769,324,325,482,378,400,257,300,343,360,386,383,401,417,326,263,285,314,241,205,204,187
Timor-Leste,"Groundnuts, with shell",626,1268,2945,3367,3201,4707,3845,3203,3252,4630,4333,4000,3544,3304,3062,2873,2707,2661,2483,2487,3255,1154,3753,3582,3019,2718,3231
Timor-Leste,Maize,626,64853,65422,58370,58068,62020,56138,58114,62777,31894,54188,55000,56764,53396,50400,52000,58000,71000,63400,79433,71340,70255,21699,45202,42820,36961,59390
Timor-Leste,"Mangoes, mangosteens, guavas",626,493,493,493,263,247,500,306,175,229,170,277,300,323,372,409,487,525,562,850,850,816,711,720,706,743,788
Timor-Leste,Oranges,626,130,130,130,87,119,63,93,51,46,40,60,70,90,100,120,140,150,170,191,191,195,195,198,201,204,223
Timor-Leste,Papayas,626,83,83,83,332,338,53,41,38,28,9,15,25,30,40,44,50,60,65,79,79,109,96,96,106,103,82
Timor-Leste,Pineapples,626,29,29,29,33,423,11,18,20,9,2,7,10,10,10,10,10,10,10,9,9,11,8,12,12,13,7
Timor-Leste,Potatoes,626,530,308,120,359,405,145,145,412,351,179,300,400,429,464,367,300,400,800,1223,940,1105,606,601,847,1175,1396
Timor-Leste,"Rice, paddy",626,17706,25495,19381,18856,16096,18084,19684,14198,13826,12679,17000,35000,35000,43550,23000,40000,45000,40000,45635,38998,36548,35561,41884,27998,28482,23017
Timor-Leste,Roots and tubers nes,626,10085,10000,13000,11000,10000,10397,10414,10200,10000,10021,9500,9800,10000,10547,12000,13000,10000,8000,7349,8622,8884,9333,9000,9500,9853,7928
Timor-Leste,Soybeans,626,1436,1043,1524,1890,880,1148,1550,939,787,1288,1000,820,800,742,980,964,998,935,892,1532,358,962,770,830,773,743
Timor-Leste,Spices nes,626,107,17,46,416,190,265,180,320,150,160,180,200,250,261,266,280,294,301,313,325,331,334,400,341,350,431
Timor-Leste,Sweet potatoes,626,2022,2863,3113,4052,5197,4635,4066,4271,3052,3500,5000,6000,7000,6788,6900,6900,5000,4000,3567,4807,4082,3229,3140,2719,2362,2038
Timor-Leste,Tomatoes,626,50,29,28,429,93,197,132,223,88,100,70,80,89,97,107,110,110,100,95,113,100,109,108,105,108,109
Timor-Leste,"Vegetables, fresh nes",626,8200,7200,7000,6500,7000,6500,7000,6487,7000,6500,6727,6809,7000,7098,7228,7363,7572,7707,7836,7961,8082,8199,8350,8440,8422,8524
Timor-Leste,Total,626,189789,210213,198813,200444,204297,206703,200584,204641,166367,192031,192404,220637,223776,218830,212076,231210,245318,230596,238928,230954,218129,173373,161198,149817,152202,174860
Viet Nam,"Anise, badian, fennel, coriander",704,1300,1316,1500,1600,1300,1500,2500,2900,4000,3990,4300,4275,4383,4400,4643,4796,5049,5249,5445,5644,5843,6040,6500,6500,6589,6796
Viet Nam,Bananas,704,88279,89173,90051,94213,91484,91750,95900,92400,89300,95200,98500,100000,95900,88900,92500,93900,94000,95000,95000,99522,103488,106452,108549,112434,114437,118092
Viet Nam,"Beans, dry",704,165000,156700,165600,182100,190400,187500,206200,218600,221500,200700,209400,205000,201900,205000,201100,188000,186700,205100,197500,187200,190100,189281,175243,164802,157832,161582
Viet Nam,Berries nes,704,11000,10000,12000,14000,15000,14000,13000,11000,10000,9600,10500,12500,12780,13200,13000,13500,13500,14000,14000,14200,14430,14593,14500,14858,14091,10187
Viet Nam,Cabbages and other brassicas,704,5500,5800,7500,9000,11000,12500,15000,18000,19000,21000,22500,23465,27068,34804,36000,40000,38778,39374,37894,36925,35537,33102,34527,35316,36020,32528
Viet Nam,"Cashew nuts, with shell",704,140000,155000,32000,69100,88000,92600,106000,122300,144500,143700,145800,149900,173200,184200,204300,223700,276800,302800,321100,340500,339400,331300,320769,300856,288293,280268
Viet Nam,Cassava,704,256800,273200,283800,278000,279400,277400,275600,254400,231600,225400,237600,292300,337000,371900,388600,425500,475200,495500,554000,507800,498000,558173,551771,544107,552760,567998
Viet Nam,Castor oil seed,704,5029,5200,5300,5400,5500,6000,5800,6000,6200,6229,6300,6400,6500,7000,6910,6965,7000,7000,7000,7000,8000,8000,8000,8000,8000,8000
Viet Nam,Cauliflowers and broccoli,704,1374,1400,1445,1500,1498,1516,1534,1550,1600,1597,1605,1500,1640,1687,1600,2066,2393,2500,2900,3400,3900,4275,4356,5360,7144,5516
Viet Nam,"Chillies and peppers, dry",704,54271,43144,44455,46097,47008,48064,48000,48630,49000,49635,50000,50450,50728,51040,51000,52230,53253,54939,56339,57821,59349,60889,64000,64000,65314,65789
Viet Nam,Cinnamon (cannella),704,6100,6570,6200,6400,7100,7500,8289,10490,8179,12500,13863,15986,16000,17000,28000,26288,40000,48000,48000,53000,58739,67404,72908,78727,85133,92375
Viet Nam,Coconuts,704,212300,214200,204100,207620,182500,172900,181100,169900,163400,163500,140000,137100,126000,120300,120700,119300,119700,119300,121100,121500,140300,127017,132006,136206,139236,145634
Viet Nam,"Coffee, green",704,61857,73200,81800,82100,99900,114100,157500,174400,218300,269800,476900,473500,492500,480500,479100,483600,483200,488900,500200,507200,511900,543865,572600,581381,589041,593800
Viet Nam,Fibre crops nes,704,11427,9400,11000,9900,10900,10400,9100,11100,9800,10900,9300,9700,12300,14000,12700,12500,12300,13800,11700,10300,11800,12447,12529,12645,12611,12662
Viet Nam,"Fruit, fresh nes",704,114000,109000,133000,132000,135000,160000,161502,165000,170000,181219,185000,200000,210000,220000,225674,225000,230000,230000,235000,238076,238085,239026,240000,240000,240171,241287
Viet Nam,Grapefruit (inc. pomelos),704,10000,10000,10000,11000,12000,12130,13150,12000,11000,11950,18000,11000,20000,16000,19000,19400,20000,31000,32000,34280,36042,36620,37407,37733,38813,39547
Viet Nam,Grapes,704,1339,1339,1339,1339,1339,1339,1339,1339,1339,1900,1883,1840,1806,1900,1700,1800,1500,1300,1200,1000,800,662,740,752,842,1142
Viet Nam,"Groundnuts, with shell",704,201400,210900,217400,217200,248200,259900,262800,253500,269400,247600,244900,244600,246700,243800,263700,269600,246700,254500,255300,245000,231400,223744,219265,216215,208700,200328
Viet Nam,Jute,704,11746,10500,11600,14400,6600,7500,8000,11600,6266,4100,5500,7800,9800,4800,4700,5600,6300,11700,3400,2292,3768,3853,1331,354,254,220
Viet Nam,Maize,704,431800,447600,478000,496500,534700,556800,615200,662900,652377,691800,730200,729500,816400,912700,991100,1052600,1033100,1096100,1440200,1089200,1126391,1121255,1156102,1170322,1178648,1164747
Viet Nam,"Mangoes, mangosteens, guavas",704,16371,15101,14686,17691,20067,21096,26200,31200,37100,43100,46700,47100,58700,41500,53500,51600,52000,60800,67000,68800,71200,72044,73692,78156,84691,87111
Viet Nam,Millet,704,1453,1453,1453,1453,1453,1453,1453,1453,1453,1900,1886,1881,1994,1900,1400,1600,1497,1447,1609,1319,1108,1130,1095,918,1043,978
Viet Nam,Nuts nes,704,1700,1695,1800,2005,2100,2213,2200,2400,2500,2526,2623,3000,4900,4705,5000,3850,3000,3000,3100,3181,3200,3278,3180,3200,3329,3337
Viet Nam,"Onions, dry",704,55000,56000,57000,58000,59500,60500,61000,61642,63000,67000,70000,75000,74419,76000,76276,76986,77666,82916,84529,86224,87868,89422,90000,92000,92864,95064
Viet Nam,Oranges,704,19062,21198,25529,44535,55433,59516,67100,67200,71000,66400,68600,69500,72800,50700,55500,59100,62000,65200,63900,64500,61500,43701,42764,43383,46214,45410
Viet Nam,Pepper (piper spp.),704,9196,8863,6400,6700,6500,7000,7500,9800,12800,17600,14900,17500,25100,30600,36200,39400,40500,41100,42400,44200,44300,45070,48519,50998,58527,67841
Viet Nam,Pineapples,704,38876,38107,34690,29217,29213,26300,26200,25800,28800,36200,36500,37500,41200,33400,34400,36200,37000,38000,38500,36203,35200,33610,35384,34857,35724,34052
Viet Nam,Potatoes,704,36700,31700,25700,27200,34000,30000,32000,36000,37672,28000,28022,30000,32102,33887,34000,35000,35000,36000,36000,37000,29663,22611,27585,23077,22823,21767
Viet Nam,Pulses nes,704,131291,135000,135500,135626,137078,136000,135000,137006,136000,136248,135000,130000,129419,132000,129811,133000,136092,142000,145000,148000,151774,155994,157000,158000,164905,171760
Viet Nam,"Rice, paddy",704,6042800,6302700,6475400,6559400,6598600,6765600,7003800,7099700,7350801,7653600,7666300,7492700,7504300,7452200,7445300,7329200,7324800,7207400,7400200,7437200,7489400,7655440,7761314,7902813,7816476,7828607
Viet Nam,"Rubber, natural",704,81100,89900,87300,123800,137600,146900,161900,173100,193400,212400,231500,240600,243300,266700,300800,334200,356400,377800,399100,418973,438563,459948,509885,548095,566537,604349
Viet Nam,Seed cotton,704,7900,16100,19200,11500,13200,17500,15000,15200,23800,21200,18600,27700,34100,27800,28000,25800,20900,12100,5800,9600,9122,9893,6499,2750,2433,1296
Viet Nam,Sesame seed,704,40000,46000,43000,47000,49000,52000,50000,37000,25000,30300,36800,37000,33800,34200,41100,52800,45000,44000,45000,45000,47000,46114,41594,42841,43031,55379
Viet Nam,Soybeans,704,110000,101100,97300,120100,132000,121100,110300,106400,129200,129100,124100,140300,158600,165600,183800,204100,185600,187400,192100,147000,197800,181390,119612,117194,109351,100611
Viet Nam,Sugar cane,704,130800,143700,146500,143200,166600,224800,237000,257000,284400,344200,302300,290700,320000,313200,286100,266300,288100,293400,270700,265600,269100,282254,301918,310264,304969,284262
Viet Nam,Sweet potatoes,704,321100,356100,404900,387100,343700,304600,302700,267200,253236,270200,254300,244600,237700,219600,201800,185300,181200,175500,162600,146600,150800,146821,141521,135489,130537,127468
Viet Nam,Tea,704,44400,45800,50000,49200,51700,52100,60200,63900,66879,69500,70300,74400,77200,86100,92400,97700,102100,107400,108800,111400,113200,114399,114433,114827,115436,117822
Viet Nam,"Tobacco, unmanufactured",704,26478,37700,31400,23500,24500,27700,23900,26300,32400,32500,24400,24400,26600,23000,16300,16800,26700,19200,16400,20729,31484,25889,24835,26254,23215,17618
Viet Nam,"Vegetables, fresh nes",704,261100,268500,279400,293300,304500,331400,359400,377000,401400,459100,452900,494500,500000,510000,520000,525000,512009,468702,427606,400000,425927,361524,705619,847472,881712,802866
Viet Nam,Watermelons,704,16913,17028,17000,17500,18000,18500,19703,19000,19000,19000,19000,19000,23568,25986,27000,28000,28500,29000,29500,30000,31760,35172,50530,54646,51971,49293
Viet Nam,Total,704,9182762,9567387,9752248,9977496,10153573,10441677,10890070,11062310,11456602,11992394,12216782,12174197,12462407,12522209,12714714,12768281,12861537,12908427,13479122,13083389,13307241,13473702,13990082,14317802,14299717,14265389
