,iso3c,date,population,gfsi_2019,arable_land_cap,logistics_idx,hfce,csi_mean,cereal_yield,wgi_avg,pct_formal_employ,fies_insecurity_pct,cereal_prod
0,ABW,2016,,,0.0190708673430468,,,,,,,,
1,ABW,2017,,,,,2246567662.3208,,,,,,
2,ABW,2019,106314.0,,,,,,,,,,
3,AFG,2016,,,0.218437442839989,,,,,,,,
4,AFG,2017,,,,,,,2024.7,,,54.3,4897143.0
5,AFG,2019,38041754.0,,,,68189721194.7313,,,,17.6720008850098,,
6,AFG,2018,,,,1.95,,,,-1.594262898,,,
7,AGO,2016,,,0.169888280080176,,,,,,,64.6,
8,AGO,2017,,,,,,,904.5,,,,2891266.0
9,AGO,2018,,,,2.05,114769166518.185,,,-1.014517357,,,
10,AGO,2019,31825295.0,45.5,,,,,,,29.7430000305176,,
11,ALB,2016,,,0.215673923757535,,,,,,,,
12,ALB,2017,,,,,,,4813.0,,,38.6,701734.0
13,ALB,2019,2854191.0,,,,26416596476.033,,,,44.6310005187988,,
14,ALB,2018,,,,2.66,,,,-0.0232890829999999,,,
15,AND,2016,,,0.0100909475321134,,,,,,,,
16,AND,2019,77142.0,,,,,,,,,,
17,ARE,2016,,,0.0047537757798862,,,,,,,,
18,ARE,2017,,,,,,,23576.3,,,,6644.0
19,ARE,2019,9770529.0,76.5,,,219064194374.82,,,,96.0540008544922,,
20,ARE,2018,,,,3.96,,,,0.644830287,,,
21,ARG,2016,,,0.899281235707852,,,,,,,,
22,ARG,2017,,,,,,,5404.6,,,32.1,76397223.0
23,ARG,2019,44938712.0,70.8,,,652317053856.276,,,,74.2870025634766,,
24,ARG,2018,,,,2.89,,,,-0.031544797,,,
25,ARM,2016,,,0.15203603427639,,,,,,,,
26,ARM,2017,,,,,,,1975.1,,,34.3,298029.0
27,ARM,2019,2957731.0,,,,33259241765.4565,,,,60.1080017089844,,
28,ARM,2018,,,,2.61,,,,-0.298543502,,,
29,ASM,2016,,,0.053820347679446,,,,,,,,
30,ASM,2011,,,,,449428773.575369,,,,,,
31,ASM,2019,55312.0,,,,,,,,,,
32,ATG,2016,,,0.0423159520560263,,,,,,,,
33,ATG,2017,,,,,,,1584.5,,,,77.0
34,ATG,2019,97118.0,,,,,,,,,,
35,AUS,2016,,,1.9035251551337,,,,,,,,
36,AUS,2017,,,,,,,2674.2,,,13.4,50048804.0
37,AUS,2019,25364307.0,81.4,,,708884706671.787,,,,83.6129989624023,,
38,AUS,2018,,,,3.75,,,,1.544866234,,,
39,AUT,2016,,,0.153890475205694,,,,,,,,
40,AUT,2017,,,,,,,6259.1,,,4.4,4874921.0
41,AUT,2019,8877067.0,81.7,,,249790736793.524,,,,88.0699996948242,,
42,AUT,2018,,,,4.03,,,,1.397234331,,,
43,AZE,2016,,,0.20486149968866,,,,,,,,
44,AZE,2017,,,,,,,2941.5,,,,2823836.0
45,AZE,2019,10023318.0,64.8,,,94561096887.6606,,,,32.0040016174316,,
46,AZE,2014,,,,2.448376,,,,,,,
47,BDI,2016,,,0.114416497791094,,,,,,,,
48,BDI,2017,,,,,,,1413.5,,,,380776.0
49,BDI,2019,11530580.0,34.3,,,7117713018.88775,,,,5.34600019454956,,
50,BDI,2018,,,,2.06,,,,-1.396985968,,,
51,BEL,2016,,,0.074959702711104,,,,,,,,
52,BEL,2017,,,,,,,9050.7,,,10.3,2764392.0
53,BEL,2019,11484055.0,80.7,,,290804644437.88,,,,86.036003112793,,
54,BEL,2018,,,,4.04,,,,1.25144956,,,
55,BEN,2016,,,0.248342840418478,,,,,,,,
56,BEN,2017,,,,,,,1489.9,,,,1894163.0
57,BEN,2019,11801151.0,51.0,,,27448831324.9223,,,,10.9589996337891,,
58,BEN,2018,,,,2.75,,,,-0.280038916,,,
59,BFA,2016,,,0.321778309975267,,,,,,,40.7,
60,BFA,2017,,,,,,,1009.0,,,,4063197.0
61,BFA,2019,20321378.0,50.1,,,31395407490.8505,,,,12.9029998779297,,
62,BFA,2018,,,,2.62,,,,-0.40372734,,,
63,BGD,2016,,,0.0491496402813171,,,,,,,,
64,BGD,2017,,,,,,,4411.2,,,30.5,53332244.0
65,BGD,2019,163046161.0,53.2,,,556081712122.533,,,,40.3639984130859,,
66,BGD,2018,,,,2.58,,,,-0.779563575999999,,,
67,BGR,2016,,,0.490472405175101,,,,,,,,
68,BGR,2017,,,,,,,5479.7,,,11.8,9475846.0
69,BGR,2019,6975761.0,66.2,,,93806130587.1645,,,,88.4800033569336,,
70,BGR,2018,,,,3.03,,,,0.201901783,,,
71,BHR,2016,,,0.0011221841236491,,,,,,,,
72,BHR,2018,,,,2.93,27556641663.873,,,-0.162563412,,,
73,BHR,2019,1641172.0,66.6,,,,,,,97.2050018310547,,
74,BHS,2016,,,0.0211678851430552,,,,,,,,
75,BHS,2017,,,,,,,8817.8,,,,798.0
76,BHS,2018,,,,2.53,7781968412.57526,,,0.697046922999999,,,
77,BHS,2019,389482.0,,,,,,,,85.9219970703125,,
78,BIH,2016,,,0.302988512128547,,,,,,,,
79,BIH,2017,,,,,,,3732.1,,,9.2,1167005.0
80,BIH,2019,3301000.0,,,,34206003745.946,,,,78.9140014648438,,
81,BIH,2018,,,,2.81,,,,-0.317796023999999,,,
82,BLR,2016,,,0.598198123028082,,,,,,,,
83,BLR,2017,,,,,,,3358.7,,,,7529412.0
84,BLR,2019,9466856.0,70.9,,,110991543460.491,,,,95.8280029296875,,
85,BLR,2018,,,,2.57,,,,-0.632049669,,,
86,BLZ,2016,,,0.211726384364821,,,,,,,,
87,BLZ,2017,,,,,1730137815.39336,,4229.1,,,,118376.0
88,BLZ,2019,390353.0,,,,,,,,66.9649963378906,,
89,BMU,2016,,,0.0046472722359718,,,,,,,,
90,BMU,2013,,,,,1747201174.30623,,,,,,
91,BMU,2019,63918.0,,,,,,,,,,
92,BOL,2016,,,0.403650787046517,,,,,,,,
93,BOL,2017,,,,,,,1869.3,,,,2321409.0
94,BOL,2019,11513100.0,57.7,,,74154263056.2576,,,,31.8610000610352,,
95,BOL,2018,,,,2.36,,,,-0.60060118,,,
96,BRA,2016,,,0.392776478897592,,,,,,,,
97,BRA,2017,,,,,,,5208.5,,,,117784130.0
98,BRA,2019,211049527.0,70.1,,,1963835731336.78,,,,67.2890014648438,,
99,BRA,2018,,,,2.99,,,,-0.147756846,,,
100,BRB,2016,,,0.024492995003429,,,,,,,,
101,BRB,2017,,,,,,,2865.4,,,,99.0
102,BRB,2019,287025.0,,,,3327993808.30674,,,,83.3099975585938,,
103,BRN,2016,,,0.0119104335397808,,,,,,,,
104,BRN,2017,,,,,,,2554.2,,,,2349.0
105,BRN,2019,433285.0,,,,5591221469.33795,,,,91.1539993286133,,
106,BRN,2018,,,,2.71,,,,0.542355179999999,,,
107,BTN,2016,,,0.13573880596002,,,,,,,,
108,BTN,2017,,,,,,,3371.0,,,,188780.0
109,BTN,2018,,,,2.17,4930184456.22212,,,0.395431647999999,,,
110,BTN,2019,763092.0,,,,,,,,28.4230003356934,,
111,BWA,2016,,,0.120188304003954,3.045458,,,,,,,
112,BWA,2017,,,,,,,400.9,,,70.0,39440.0
113,BWA,2019,2303697.0,63.8,,,19841457147.138,,,,71.4889984130859,,
114,CAF,2016,,,0.396677866939699,,,,,,,,
115,CAF,2017,,,,,3253582567.57128,,937.4,,,,142923.0
116,CAF,2018,,,,2.15,,,,-1.530022005,,,
117,CAF,2019,4745185.0,,,,,,,,7.46299982070923,,
118,CAN,2016,,,1.21203605024907,,,,,,,5.0,
119,CAN,2017,,,,,,,4042.5,,,,56310743.0
120,CAN,2019,37589262.0,82.4,,,1022604203311.09,,,,84.7249984741211,,
121,CAN,2018,,,,3.73,,,,1.662684063,,,
122,CHE,2016,,,0.0476154207804619,,,,,,,,
123,CHE,2017,,,,,,,6800.2,,,3.1,976614.0
124,CHE,2019,8574832.0,83.1,,,282668421814.084,,,,85.3460006713867,,
125,CHE,2018,,,,3.9,,,,1.78406032,,,
126,CHL,2016,,,0.0697344888177764,,,,,,,,
127,CHL,2017,,,,,,,6780.8,,,13.6,3471209.0
128,CHL,2019,18952038.0,75.5,,,255554056532.484,,,,73.052001953125,,
129,CHL,2018,,,,3.32,,,,1.02329091199999,,,
130,CHN,2016,,,0.0862428508738526,,,,,,,,
131,CHN,2017,,,,,,,6029.0,,,9.6,617930299.0
132,CHN,2018,,,,3.61,8570798639964.38,,,-0.419930289,,,
133,CHN,2019,1397715000.0,71.0,,,,,,,53.2519989013672,,
134,CIV,2016,,,0.121732561621652,,,,,,,58.1,
135,CIV,2017,,,,,,,2148.4,,,,3290000.0
136,CIV,2019,25716544.0,52.3,,,99444327024.9411,,,,27.2520008087158,,
137,CIV,2018,,,,3.08,,,,-0.571659282,,,
138,CMR,2016,,,0.259126487119596,,,,,,,,
139,CMR,2017,,,,,,,1664.9,,,71.2,4061556.0
140,CMR,2019,25876380.0,49.9,,,69515837942.2628,,,,23.3430004119873,,
141,CMR,2018,,,,2.6,,,,-0.946871609,,,
142,COD,2016,,,0.0901139569676917,,,,,,,,
143,COD,2017,,,,,64211358317.9257,,770.4,,,,2988342.0
144,COD,2018,,,,2.43,,,,-1.56063058,,,
145,COD,2019,86790567.0,35.7,,,,,,,18.3229999542236,,
146,COG,2016,,,0.110419616627106,,,,,,,,
147,COG,2017,,,,,,,828.9,,,,30823.0
148,COG,2019,5380508.0,,,,6925789184.26613,,,,22.9479999542236,,
149,COG,2018,,,,2.49,,,,-1.03949001399999,,,
150,COL,2016,,,0.0350540000086761,,,,,,,,
151,COL,2017,,,,,,,4321.9,,,,4328820.0
152,COL,2019,50339443.0,69.4,,,493611867841.062,,,,48.7999992370605,,
153,COL,2018,,,,2.94,,,,-0.182256145,,,
154,COM,2016,,,0.0817001679252682,,,,,,,,
155,COM,2017,,,,,2024042590.61107,,1357.1,,,,40362.0
156,COM,2018,,,,2.56,,,,-0.760115726,,,
157,COM,2019,850886.0,,,,,,,,31.3190002441406,,
158,CPV,2016,,,0.0941360755799724,,,,,,,,
159,CPV,2017,,,,,,,167.6,,,37.7,5314.0
160,CPV,2019,549935.0,,,,2571923361.03855,,,,61.1240005493164,,
161,CRI,2016,,,0.0505169568585188,,,,,,,,
162,CRI,2017,,,,,,,4187.0,,,23.2,159045.0
163,CRI,2019,5047561.0,70.1,,,61535512228.3521,,,,74.8679962158203,,
164,CRI,2018,,,,2.79,,,,0.634873678,,,
165,CUB,2016,,,0.263729259449005,,,,,,,,
166,CUB,2017,,,,,,,2855.9,,,,791668.0
167,CUB,2018,,,,2.2,,,,-0.472210846,,,
168,CUB,2019,11333483.0,,,,,,,,73.3079986572266,,
169,CUW,2014,,,,,2259743117.20143,,,,,,
170,CUW,2019,157538.0,,,,,,,,,,
171,CYM,2016,,,0.0031964711435412,,,,,,,,
172,CYM,2019,64948.0,,,,,,,,,,
173,CYP,2016,,,0.072321771865025,,,,,,,,
174,CYP,2017,,,,,,,2009.1,,,,48808.0
175,CYP,2019,1198575.0,,,,21681319884.1026,,,,86.7679977416992,,
176,CYP,2018,,,,3.15,,,,0.872468611,,,
177,CZE,2016,,,0.236032712203251,,,,,,,,
178,CZE,2017,,,,,,,5497.9,,,3.8,7460859.0
179,CZE,2019,10669709.0,73.1,,,192023357303.524,,,,83.1989974975586,,
180,CZE,2018,,,,3.68,,,,0.947017838,,,
181,DEU,2016,,,0.142843838799629,,,,,,,,
182,DEU,2017,,,,,,,7269.9,,,3.6,45556800.0
183,DEU,2019,83132799.0,81.5,,,2307726913412.03,,,,90.1549987792969,,
184,DEU,2018,,,,4.2,,,,1.51359692199999,,,
185,DJI,2016,,,0.0021525930135441,,,,,,,,
186,DJI,2017,,,,,,,1935.0,,,,13.0
187,DJI,2019,973560.0,,,,2519086592.36065,,,,52.8950004577637,,
188,DJI,2018,,,,2.63,,,,-0.873833448,,,
189,DMA,2016,,,0.0841432117463924,,,,,,,,
190,DMA,2017,,,,,,,1722.9,,,,189.0
191,DMA,2019,71808.0,,,,,,,,,,
192,DNK,2016,,,0.414629164404392,,,,,,,,
193,DNK,2017,,,,,,,6916.5,,,5.3,10027261.0
194,DNK,2019,5818553.0,81.0,,,140446854491.977,,,,91.9609985351563,,
195,DNK,2018,,,,3.99,,,,1.654044112,,,
196,DOM,2016,,,0.0769397743337184,,,,,,,,
197,DOM,2017,,,,,,,3153.5,,,,633445.0
198,DOM,2019,10738958.0,64.2,,,128737667269.295,,,,56.1920013427734,,
199,DOM,2018,,,,2.66,,,,-0.150310655,,,
200,DZA,2016,,,0.18258801089384,,,,,,,,
201,DZA,2017,,,,,,,990.7,,,,3478073.0
202,DZA,2019,43053054.0,59.8,,,229045567737.655,,,,68.3889999389648,,
203,DZA,2018,,,,2.45,,,,-0.878956497,,,
204,ECU,2016,,,0.0591833845073544,,,,,,,,
205,ECU,2017,,,,,,,3414.3,,,23.3,2538291.0
206,ECU,2019,17373662.0,61.8,,,117954478604.417,,,,50.2680015563965,,
207,ECU,2018,,,,2.88,,,,-0.527053443,,,
208,EGY,2016,,,0.0295061557814227,,,,,,,,
209,EGY,2017,,,,,,,7310.8,,,36.0,23216824.0
210,EGY,2018,,,,2.82,996320056600.347,,,-0.877489373,,,
211,EGY,2019,100388073.0,64.5,,,,,,,68.7460021972656,,
212,ERI,2011,3213972.0,,0.214687620178396,,4840253083.04303,,,,,,
213,ERI,2017,,,,,,,642.8,,,,302462.0
214,ERI,2018,,,,2.09,,,,-1.584940444,,,
215,ERI,2019,,,,,,,,,13.1199998855591,,
216,ESP,2016,,,0.265406661050835,,,,,,,,
217,ESP,2017,,,,,,,2769.4,,,7.5,16660325.0
218,ESP,2019,47076781.0,75.5,,,1018530693502.33,,,,84.0820007324219,,
219,ESP,2018,,,,3.83,,,,0.862098202,,,
220,EST,2016,,,0.528959788416085,,,,,,,,
221,EST,2017,,,,,,,3967.3,,,8.6,1311893.0
222,EST,2019,1326590.0,,,,22016219565.8515,,,,89.4029998779297,,
223,EST,2018,,,,3.31,,,,1.194268743,,,
224,ETH,2016,,,0.145931361914111,2.376767,,,,,,,
225,ETH,2017,,,,,,,2538.2,,,,26276867.0
226,ETH,2019,112078730.0,49.2,,,172087760248.908,,,,13.46399974823,,
227,FIN,2016,,,0.408712676989786,,,,,,,,
228,FIN,2017,,,,,,,3958.5,,,8.3,3422130.0
229,FIN,2019,5520314.0,82.9,,,136769024615.088,,,,86.8479995727539,,
230,FIN,2018,,,,3.97,,,,1.735678444,,,
231,FJI,2016,,,0.189133641831318,,,,,,,,
232,FJI,2017,,,,,,,3001.3,,,,10069.0
233,FJI,2018,,,,2.35,,,,0.000261,,,
234,FJI,2019,889953.0,,,,,,,,55.6940002441406,,
235,FRA,2016,,,0.275101782136707,,,,,,,,
236,FRA,2017,,,,,,,6875.2,,,6.4,64495956.0
237,FRA,2019,67059887.0,80.4,,,1567004855197.75,,,,88.3580017089844,,
238,FRA,2018,,,,3.84,,,,1.043682333,,,
239,FRO,2016,,,0.0622755485437901,,,,,,,,
240,FRO,2019,48678.0,,,,,,,,,,
241,FSM,2016,,,0.0181463503152928,,,,,,,,
242,FSM,2017,,,,,,,1661.0,,,,259.0
243,FSM,2019,113815.0,,,,,,,,,,
244,GAB,2016,,,0.161862826981587,,,,,,,,
245,GAB,2017,,,,,,,1601.1,,,,46898.0
246,GAB,2019,2172579.0,,,,11476710916.3617,,,,66.1569976806641,,
247,GAB,2018,,,,2.16,,,,-0.658957307,,,
248,GBR,2016,,,0.0918436741144968,,,,,,,,
249,GBR,2017,,,,,,,7229.0,,,5.6,23000066.0
250,GBR,2019,66834405.0,79.1,,,1853740211545.38,,,,84.9499969482422,,
251,GBR,2018,,,,3.99,,,,1.41594838099999,,,
252,GEO,2016,,,0.0922869318753429,,,,,,,,
253,GEO,2017,,,,,,,1979.4,,,34.5,295781.0
254,GEO,2019,3720382.0,,,,36308228848.9801,,,,48.935001373291,,
255,GEO,2018,,,,2.44,,,,0.415160368,,,
256,GHA,2016,,,0.165016814511199,,,,,,,,
257,GHA,2017,,,,,,,1872.9,,,49.6,3083453.0
258,GHA,2019,30417856.0,62.8,,,124371902928.367,,,,25.6450004577637,,
259,GHA,2018,,,,2.57,,,,-0.020715743,,,
260,GIN,2016,,,0.264089583957529,,,,,,,,
261,GIN,2017,,,,,,,1167.1,,,74.1,3755665.0
262,GIN,2019,12771246.0,46.7,,,23073376288.8411,,,,8.49499988555908,,
263,GIN,2018,,,,2.2,,,,-0.874325102,,,
264,GMB,2016,,,0.20473315127593,,,,,,,,
265,GMB,2017,,,,,,,847.9,,,54.1,217833.0
266,GMB,2019,2347706.0,,,,4872673858.72003,,,,26.4559993743896,,
267,GMB,2018,,,,2.4,,,,-0.782199095,,,
268,GNB,2016,,,0.168308893946883,,,,,,,,
269,GNB,2017,,,,,2937477300.18047,,1563.8,,,,230864.0
270,GNB,2018,,,,2.39,,,,-1.187189718,,,
271,GNB,2019,1920922.0,,,,,,,,22.8659992218018,,
272,GNQ,2016,,,0.0987508836146773,,,,,,,,
273,GNQ,2019,1355986.0,,,,12487250125.8805,,,,14.0389995574951,,
274,GNQ,2018,,,,2.32,,,,-1.359658154,,,
275,GRC,2016,,,0.198589992493484,,,,,,,,
276,GRC,2017,,,,,,,3764.0,,,17.4,3148997.0
277,GRC,2019,10716322.0,73.4,,,201999909799.657,,,,66.6259994506836,,
278,GRC,2018,,,,3.2,,,,0.169688774,,,
279,GRD,2016,,,0.0272081697064238,,,,,,,,
280,GRD,2017,,,,,,,1006.5,,,,349.0
281,GRD,2019,112003.0,,,,,,,,,,
282,GRL,2015,,,0.0160387782015183,,,,,,,,
283,GRL,2019,56225.0,,,,,,,,,,
284,GTM,2016,,,0.0544615164941947,,,,,,,,
285,GTM,2017,,,,,,,2172.4,,,43.6,2004356.0
286,GTM,2019,16604026.0,60.6,,,110333224528.549,,,,59.6580009460449,,
287,GTM,2018,,,,2.41,,,,-0.572035134,,,
288,GUM,2016,,,0.0061368141343103,,,,,,,,
289,GUM,2017,,,,,,,2648.0,,,,51.0
290,GUM,2011,,,,,2677875340.49715,,,,,,
291,GUM,2019,167294.0,,,,,,,,87.5250015258789,,
292,GUY,2016,,,0.544488608520469,,,,,,,,
293,GUY,2017,,,,,,,3619.8,,,,634104.0
294,GUY,2019,782766.0,,,,4537976406.18601,,,,67.5439987182617,,
295,GUY,2018,,,,2.36,,,,-0.178316645,,,
296,HND,2016,,,0.110022926836372,,,,,,,,
297,HND,2017,,,,,,,1775.4,,,49.3,774813.0
298,HND,2019,9746117.0,58.0,,,43664112328.9382,,,,48.6769981384277,,
299,HND,2018,,,,2.6,,,,-0.639568298999999,,,
300,HRV,2016,,,0.208894848034987,,,,,,,,
301,HRV,2017,,,,,,,5714.7,,,7.8,2656778.0
302,HRV,2019,4067500.0,,,,60413416114.7028,,,,88.0039978027344,,
303,HRV,2018,,,,3.1,,,,0.444205350999999,,,
304,HTI,2016,,,0.0987087602640967,,,,,,,,
305,HTI,2017,,,,,,,1126.0,,,,484000.0
306,HTI,2018,,,,2.11,18528053490.8435,,,-1.174589614,,,
307,HTI,2019,11263077.0,43.3,,,,,,,27.0650005340576,,
308,HUN,2016,,,0.440594035697695,,,,,,,,
309,HUN,2017,,,,,,,5778.9,,,8.3,14029434.0
310,HUN,2019,9769949.0,72.7,,,145970049177.156,,,,89.6740036010742,,
311,HUN,2018,,,,3.42,,,,0.455525012,,,
312,IDN,2016,,,0.0898475255375916,,,,,,,,
313,IDN,2017,,,,,,,5166.3,,,8.1,109334000.0
314,IDN,2019,270625568.0,62.6,,,1767695433452.79,,,,48.5120010375977,,
315,IDN,2018,,,,3.15,,,,-0.18109869,,,
316,IMN,2016,,,0.282156879224849,,,,,,,,
317,IMN,2019,84584.0,,,,,,,,,,
318,IND,2016,,,0.118129005104545,,,,,,,,
319,IND,2017,,,,,,,3160.8,,,,313610000.0
320,IND,2019,1366417754.0,58.9,,,5826957693123.52,,,,23.7150001525879,,
321,IND,2018,,,,3.18,,,,-0.186531864,,,
322,IRL,2016,,,0.0937893965409377,,,,,,,,
323,IRL,2017,,,,,,,8785.0,,,6.6,2394637.0
324,IRL,2019,4941444.0,84.0,,,108452381074.607,,,,85.1070022583008,,
325,IRL,2018,,,,3.51,,,,1.40453239299999,,,
326,IRN,2016,,,0.184593497643457,,,,,,,,
327,IRN,2017,,,,,523087204093.23,,2317.1,,,,20980942.0
328,IRN,2018,,,,2.85,,,,-0.832209547,,,
329,IRN,2019,82913906.0,,,,,,,,54.7750015258789,,
330,IRQ,2016,,,0.136572348710069,,,,,,,,
331,IRQ,2017,,,,,,,2750.6,,,,3734767.0
332,IRQ,2018,,,,2.18,280099443967.82,,,-1.46241420499999,,,
333,IRQ,2019,39309783.0,,,,,,,,77.5950012207031,,
334,ISL,2016,,,0.360721323400082,,,,,,,,
335,ISL,2017,,,,,,,,,,6.7,7400.0
336,ISL,2019,361313.0,,,,9759705698.59822,,,,87.8949966430664,,
337,ISL,2018,,,,3.23,,,,1.47652554499999,,,
338,ITA,2016,,,0.10889448217045,,,,,,,,
339,ITA,2017,,,,,,,5171.4,,,7.1,16241037.0
340,ITA,2019,60297396.0,75.8,,,1436451199687.97,,,,77.0800018310547,,
341,ITA,2018,,,,3.74,,,,0.488828293,,,
342,JAM,2016,,,0.041290493070423,,,,,,,,
343,JAM,2017,,,,,,,1162.5,,,,2540.0
344,JAM,2019,2948279.0,,,,23011057875.8274,,,,60.693000793457,,
345,JAM,2018,,,,2.52,,,,0.181991073,,,
346,JOR,2016,,,0.0248401627212695,,,,,,,,
347,JOR,2017,,,,,,,1600.8,,,,101837.0
348,JOR,2018,,,,2.69,76125100322.251,,,-0.086352587,,,
349,JOR,2019,10101694.0,61.0,,,,,,,84.9850006103516,,
350,JPN,2016,,,0.0329463058446676,,,,,,,,
351,JPN,2017,,,,,,,6049.2,,,2.8,10906394.0
352,JPN,2018,,,,4.03,2670518037136.2,,,1.359775484,,,
353,JPN,2019,126264931.0,76.5,,,,,,,89.7900009155273,,
354,KAZ,2016,,,1.65195622920127,,,,,,,,
355,KAZ,2017,,,,,,,1355.0,,,9.3,20129018.0
356,KAZ,2019,18513930.0,67.3,,,269744596379.568,,,,75.3850021362305,,
357,KAZ,2018,,,,2.81,,,,-0.437767308,,,
358,KEN,2016,,,0.11824262268987,,,,,,,,
359,KEN,2017,,,,,,,1473.8,,,56.5,3711048.0
360,KEN,2018,,,,2.81,172155276248.928,,,-0.586124159999999,,,
361,KEN,2019,52573973.0,50.7,,,,,,,48.4440002441406,,
362,KGZ,2016,,,0.211859527921704,,,,,,,,
363,KGZ,2017,,,,,,,3093.8,,,23.9,1720429.0
364,KGZ,2019,6456900.0,,,,25380850300.3097,,,,64.6139984130859,,
365,KGZ,2018,,,,2.55,,,,-0.761748652,,,
366,KHM,2016,,,0.241020511289496,,,,,,,,
367,KHM,2017,,,,,,,3568.8,,,44.9,11100000.0
368,KHM,2018,,,,2.58,47215673918.1785,,,-0.753027804,,,
369,KHM,2019,16486542.0,49.4,,,,,,,49.6430015563965,,
370,KIR,2016,,,0.017773985994099,,,,,,,,
371,KIR,2015,,,,,197137596.836177,,,,,,
372,KIR,2019,117606.0,,,,,,,,,,
373,KNA,2016,,,0.0968523002421307,,,,,,,,
374,KNA,2018,,,,,428726078.899782,,,0.537420159,,,
375,KNA,2019,52823.0,,,,,,,,,,
376,KOR,2016,,,0.0277442591592615,,,,,,,,
377,KOR,2017,,,,,,,6672.1,,,5.4,5468187.0
378,KOR,2019,51709098.0,73.6,,,958331879781.679,,,,75.1309967041016,,
379,KOR,2018,,,,3.61,,,,0.749123717,,,
380,KWT,2016,,,0.0020217975043437,,,,,,,,
381,KWT,2017,,,,,,,5656.2,,,,6103.0
382,KWT,2018,,,,2.86,90472408919.3037,,,-0.211234545,,,
383,KWT,2019,4207083.0,74.8,,,,,,,98.2249984741211,,
384,LAO,2016,,,0.222762825807066,,26827585807.757,,,,,,
385,LAO,2017,,,,,,,4497.7,,,,5232304.0
386,LAO,2018,,,,2.7,,,,-0.672622978999999,,,
387,LAO,2019,7169455.0,49.1,,,,,,,19.382999420166,,
388,LBN,2016,,,0.0196688451899467,,,,,,,,
389,LBN,2017,,,,,,,3050.7,,,,163595.0
390,LBN,2019,6855713.0,,,,87407166484.9107,,,,63.773998260498,,
391,LBN,2018,,,,2.72,,,,-0.795763924999999,,,
392,LBR,2016,,,0.109008744245428,,,,,,,,
393,LBR,2017,,,,,,,1283.6,,,86.2,302692.0
394,LBR,2018,,,,2.23,8451317586.29185,,,-0.765142122,,,
395,LBR,2019,4937374.0,,,,,,,,21.2849998474121,,
396,LBY,2016,,,0.264934773674849,,,,,,,,
397,LBY,2017,,,,,,,766.7,,,,178922.0
398,LBY,2008,,,,,44622130459.9376,,,,,,
399,LBY,2018,,,,2.11,,,,-1.864039223,,,
400,LBY,2019,6777452.0,,,,,,,,93.1699981689453,,
401,LCA,2016,,,0.0166644447407012,,,,,,,,
402,LCA,2017,,,,,,,,,,22.2,
403,LCA,2019,182790.0,,,,,,,,63.5289993286133,,
404,LIE,2016,,,0.0573583325144907,,,,,,,,
405,LIE,2019,38019.0,,,,,,,,,,
406,LKA,2016,,,0.0613120784794605,,,,,,,,
407,LKA,2017,,,,,,,2146.8,,,,1823162.0
408,LKA,2019,21803000.0,60.8,,,184937411332.238,,,,57.9830017089844,,
409,LKA,2018,,,,2.6,,,,-0.107486747,,,
410,LSO,2016,,,0.169638472463387,,,,,,,,
411,LSO,2017,,,,,,,986.8,,,77.8,216325.0
412,LSO,2019,2125268.0,,,,4788640728.44544,,,,83.2490005493164,,
413,LSO,2018,,,,2.28,,,,-0.267889014,,,
414,LTU,2016,,,0.747010996553712,,,,,,,,
415,LTU,2017,,,,,,,4230.2,,,11.2,5074188.0
416,LTU,2019,2786844.0,,,,58035336965.8959,,,,88.4690017700195,,
417,LTU,2018,,,,3.02,,,,0.949219932,,,
418,LUX,2016,,,0.10628610413212,,,,,,,,
419,LUX,2017,,,,,,,5339.5,,,3.3,149291.0
420,LUX,2019,619896.0,,,,19608388599.5446,,,,91.4649963378906,,
421,LUX,2018,,,,3.63,,,,1.674844921,,,
422,LVA,2016,,,0.657298127057565,,,,,,,,
423,LVA,2017,,,,,,,4250.2,,,10.0,2692500.0
424,LVA,2019,1912789.0,,,,31757366977.0114,,,,88.5910034179688,,
425,LVA,2018,,,,2.81,,,,0.796976422,,,
426,MAF,2019,38002.0,,,,,,,,,,
427,MAR,2016,,,0.231450534949657,,,,,,,,
428,MAR,2017,,,,,,,1757.7,,,,9787246.0
429,MAR,2019,36471769.0,62.8,,,157926871538.256,,,,49.8279991149902,,
430,MAR,2018,,,,2.54,,,,-0.260267824,,,
431,MCO,2019,38964.0,,,,,,,,,,
432,MDA,2016,,,0.652101781415164,,,,,,,,
433,MDA,2017,,,,,,,3638.6,,,25.4,3282555.0
434,MDA,2019,2657637.0,,,,26912164776.5259,,,,62.3409996032715,,
435,MDA,2018,,,,2.46,,,,-0.422659051,,,
436,MDG,2016,,,0.140593981452842,,,,,,,,
437,MDG,2017,,,,,,,3778.7,,,,3387220.0
438,MDG,2019,26969307.0,37.9,,,33967652615.5372,,,,11.1020002365112,,
439,MDG,2018,,,,2.39,,,,-0.693548207999999,,,
440,MDV,2016,,,0.0082016687143515,,,,,,,,
441,MDV,2017,,,,,,,2568.6,,,,204.0
442,MDV,2018,,,,2.67,,,,-0.366100078,,,
443,MDV,2019,530953.0,,,,,,,,76.4079971313477,,
444,MEX,2016,,,0.182935071849489,,,,,,,,
445,MEX,2017,,,,,,,3799.7,,,28.0,37487113.0
446,MEX,2019,127575529.0,69.4,,,1489760331465.08,,,,68.2809982299805,,
447,MEX,2018,,,,3.05,,,,-0.28201389,,,
448,MHL,2016,,,0.0346410323027626,,,,,,,,
449,MHL,2011,,,,,121400994.032355,,,,,,
450,MHL,2019,58791.0,,,,,,,,,,
451,MKD,2016,,,0.199928391033019,,,,3858.8,,,,641018.0
452,MKD,2017,,,,,,,,,,13.2,
453,MKD,2019,2083459.0,,,,20235724060.9602,,,,76.6940002441406,,
454,MKD,2018,,,,2.7,,,,-0.116756829,,,
455,MLI,2016,,,0.356852040660983,,,,,,,,
456,MLI,2017,,,,,,,1526.4,,,,8866592.0
457,MLI,2019,19658031.0,54.4,,,38349240385.2069,,,,18.4099998474121,,
458,MLI,2018,,,,2.59,,,,-0.792952209999999,,,
459,MLT,2016,,,0.01991848069384,,,,,,,,
460,MLT,2017,,,,,,,4797.5,,,,14567.0
461,MLT,2019,502653.0,,,,8827938004.11892,,,,85.9560012817383,,
462,MLT,2018,,,,2.81,,,,1.029218902,,,
463,MMR,2016,,,0.205635847418201,,,,,,,,
464,MMR,2017,,,,,,,3613.7,,,,28119281.0
465,MMR,2018,,,,2.3,134855648456.286,,,-0.828688294,,,
466,MMR,2019,54045420.0,57.0,,,,,,,37.935001373291,,
467,MNE,2016,,,0.0144624081837947,,,,,,,,
468,MNE,2017,,,,,,,3322.7,,,12.0,7310.0
469,MNE,2019,622137.0,,,,8475524953.28837,,,,78.4069976806641,,
470,MNE,2018,,,,2.75,,,,0.071221924,,,
471,MNG,2016,,,0.185580297408462,,,,,,,,
472,MNG,2017,,,,,,,609.2,,,27.1,238102.0
473,MNG,2019,3225167.0,,,,21275100800.9738,,,,50.5709991455078,,
474,MNG,2018,,,,2.37,,,,0.060255769,,,
475,MNP,2016,,,0.0177973944614508,,,,,,,,
476,MNP,2019,57216.0,,,,,,,,,,
477,MOZ,2016,,,0.203018748655675,2.684105,,,,,,,
478,MOZ,2017,,,,,,,871.5,,,68.6,1945143.0
479,MOZ,2019,30366036.0,41.4,,,28751244131.7332,,,,14.3859996795654,,
480,MRT,2016,,,0.108081259814379,,,,,,,,
481,MRT,2017,,,,,,,1371.2,,,,357300.0
482,MRT,2019,4525696.0,,,,12559483354.0793,,,,44.8540000915527,,
483,MRT,2018,,,,2.33,,,,-0.779238453,,,
484,MUS,2016,,,0.059360192105411,,,,,,,,
485,MUS,2017,,,,,,,5234.8,,,18.5,602.0
486,MUS,2019,1265711.0,,,,21142886570.9532,,,,79.5240020751953,,
487,MUS,2018,,,,2.73,,,,0.83676522,,,
488,MWI,2016,,,0.22086231739554,,,,,,,,
489,MWI,2017,,,,,,,1903.1,,,81.9,3711454.0
490,MWI,2019,18628747.0,42.5,,,15882789384.5952,,,,39.6720008850098,,
491,MWI,2018,,,,2.59,,,,-0.454416855,,,
492,MYS,2016,,,0.0287438694410432,,,,,,,,
493,MYS,2017,,,,,,,4250.8,,,,2974455.0
494,MYS,2019,31949777.0,73.8,,,537199707302.163,,,,74.7389984130859,,
495,MYS,2018,,,,3.22,,,,0.312080825,,,
496,NAM,2016,,,0.339264669274198,2.744745,,,,,,,
497,NAM,2017,,,,,,,435.9,,,67.9,126809.0
498,NAM,2019,2494530.0,,,,18279992217.6373,,,,62.6790008544922,,
499,NCL,2016,,,0.0225637308664551,,,,,,,,
500,NCL,2017,,,,,,,7848.6,,,,9621.0
501,NCL,2019,287800.0,,,,,,,,83.1620025634766,,
502,NER,2016,,,0.808125976064655,,,,,,,,
503,NER,2017,,,,,,,541.9,,,83.0,5899777.0
504,NER,2019,23310715.0,49.6,,,22645439154.7295,,,,5.65100002288818,,
505,NER,2018,,,,2.07,,,,-0.662145833,,,
506,NGA,2016,,,0.18283473414047,,,,,,,36.4,
507,NGA,2017,,,,,,,1462.1,,,,28873225.0
508,NGA,2018,,,,2.53,806091228152.736,,,-1.041940739,,,
509,NGA,2019,200963599.0,48.4,,,,,,,18.5520000457764,,
510,NIC,2016,,,0.238579664192777,2.531062,,,,,,,
511,NIC,2017,,,,,,,2104.1,,,,909045.0
512,NIC,2019,6545502.0,54.2,,,24455223685.1441,,,,53.8370018005371,,
513,NLD,2016,,,0.06036295044237,,,,,,,,
514,NLD,2017,,,,,,,8794.1,,,4.3,1393510.0
515,NLD,2019,17332850.0,82.0,,,418148824603.784,,,,83.3820037841797,,
516,NLD,2018,,,,4.02,,,,1.672002802,,,
517,NOR,2016,,,0.153811650102485,,,,,,,,
518,NOR,2017,,,,,,,4491.5,,,5.1,1284763.0
519,NOR,2019,5347896.0,82.9,,,148286192028.197,,,,93.5390014648438,,
520,NOR,2018,,,,3.7,,,,1.758148809,,,
521,NPL,2016,,,0.0775352992937777,,,,,,,,
522,NPL,2017,,,,,,,2795.7,,,31.6,9758893.0
523,NPL,2019,28608710.0,56.4,,,74756338886.0742,,,,20.5440006256104,,
524,NPL,2018,,,,2.51,,,,-0.700216267999999,,,
525,NRU,2019,12581.0,,,,,,,,,,
526,NZL,2016,,,0.121452313986193,,,,,,,,
527,NZL,2017,,,,,,,8464.4,,,14.0,936995.0
528,NZL,2018,,,,3.88,109337724696.479,,,1.842092057,,,
529,NZL,2019,4917000.0,78.8,,,,,,,81.9509963989258,,
530,OMN,2016,,,0.0125267374982897,,,,,,,,
531,OMN,2017,,,,,,,12964.2,,,,63411.0
532,OMN,2019,4974986.0,68.4,,,55695196277.9491,,,,96.1419982910156,,
533,OMN,2018,,,,3.2,,,,0.216900964,,,
534,PAK,2016,,,0.152435368140548,,,,,,,,
535,PAK,2017,,,,,,,3170.8,,,,44097200.0
536,PAK,2019,216565318.0,56.8,,,849319828993.675,,,,43.1110000610352,,
537,PAK,2018,,,,2.42,,,,-1.01983460799999,,,
538,PAN,2016,,,0.139457300552528,,,,,,,,
539,PAN,2017,,,,,61676961886.6842,,2702.2,,,,445000.0
540,PAN,2018,,,,3.28,,,,0.174687703,,,
541,PAN,2019,4246439.0,68.8,,,,,,,62.6319999694824,,
542,PER,2016,,,0.113431946264558,,,,,,,,
543,PER,2017,,,,,,,4166.9,,,,5062902.0
544,PER,2019,32510453.0,63.3,,,260282519130.042,,,,45.6230010986328,,
545,PER,2018,,,,2.69,,,,-0.065030297,,,
546,PHL,2016,,,0.05392425467347,,,,,,,,
547,PHL,2017,,,,,,,3692.3,,,52.5,27191836.0
548,PHL,2019,108116615.0,61.0,,,712718393219.474,,,,63.6609992980957,,
549,PHL,2018,,,,2.9,,,,-0.350161424999999,,,
550,PLW,2016,,,0.0564174894217207,,,,,,,,
551,PLW,2017,,,,,213184204.561365,,,,,,
552,PLW,2019,18008.0,,,,,,,,,,
553,PNG,2016,,,0.0362679768271807,,,,,,,,
554,PNG,2017,,,,,,,4816.7,,,,18978.0
555,PNG,2004,,,,,5528708618.00538,,,,,,
556,PNG,2018,,,,2.17,,,,-0.544137763999999,,,
557,PNG,2019,8776109.0,,,,,,,,20.5209999084473,,
558,POL,2016,,,0.284592447733923,,,,,,,,
559,POL,2017,,,,,,,4199.6,,,5.3,31924964.0
560,POL,2019,37970874.0,75.6,,,693047079151.877,,,,79.911003112793,,
561,POL,2018,,,,3.54,,,,0.736218978999999,,,
562,PRI,2016,,,0.0179060385032665,,,,,,,,
563,PRI,2017,,,,,64252395231.7101,,3113.3,,,,248.0
564,PRI,2019,3193694.0,,,,,,,,83.3539962768555,,
565,PRK,2016,,,0.0928569531918768,,,,,,,,
566,PRK,2017,,,,,,,4048.0,,,,4841326.0
567,PRK,2019,25666161.0,,,,,,,,10.3870000839233,,
568,PRT,2016,,,0.0947822897157583,,,,,,,,
569,PRT,2017,,,,,,,4728.4,,,11.5,1118507.0
570,PRT,2019,10269417.0,77.8,,,212626941799.867,,,,83.3379974365234,,
571,PRT,2018,,,,3.64,,,,1.05750919399999,,,
572,PRY,2016,,,0.708186876352932,,,,,,,,
573,PRY,2017,,,,,,,4446.5,,,,7207780.0
574,PRY,2019,7044636.0,57.9,,,60043791145.5682,,,,57.1430015563965,,
575,PRY,2018,,,,2.78,,,,-0.387628007,,,
576,PYF,2016,,,0.009104980424292,,,,,,,,
577,PYF,2019,279287.0,,,,,,,,83.4160003662109,,
578,QAT,2016,,,0.0053873343359808,,,,,,,,
579,QAT,2017,,,,,,,5107.5,,,,1526.0
580,QAT,2019,2832067.0,81.2,,,56843750113.8749,,,,99.5780029296875,,
581,QAT,2018,,,,3.47,,,,0.483145813,,,
582,ROU,2016,,,0.435584392395048,,,,,,,,
583,ROU,2017,,,,,,,5223.0,,,14.7,27139079.0
584,ROU,2019,19356544.0,70.2,,,355055227434.18,,,,75.2180023193359,,
585,ROU,2018,,,,3.12,,,,0.249959111,,,
586,RUS,2016,,,0.852984457265764,,,,,,,,
587,RUS,2017,,,,,,,2964.3,,,6.2,131143688.0
588,RUS,2019,144373535.0,69.7,,,2058409707254.16,,,,93.2099990844727,,
589,RUS,2018,,,,2.76,,,,-0.732821554,,,
590,RWA,2016,,,0.0986989385875999,,,,,,,,
591,RWA,2017,,,,,,,1282.3,,,,634901.0
592,RWA,2019,12626950.0,48.2,,,23006927334.7973,,,,31.943000793457,,
593,RWA,2018,,,,2.97,,,,-0.048180315,,,
594,SAU,2016,,,0.107173993479925,,,,,,,,
595,SAU,2017,,,,,,,5600.5,,,,1429022.0
596,SAU,2019,34268528.0,73.5,,,698428365576.333,,,,95.1169967651367,,
597,SAU,2018,,,,3.01,,,,-0.209612988,,,
598,SDN,2017,,,,,,,674.2,,,,5236294.0
599,SDN,2019,42813238.0,45.7,,,64962201415.7442,,,,43.9179992675781,,
600,SDN,2018,,,,2.43,,,,-1.658593893,,,
601,SEN,2016,,,0.213425419287575,,,,,,,,
602,SEN,2017,,,,,,,1275.1,,,,1692684.0
603,SEN,2019,16296364.0,54.3,,,40472488932.8763,,,,34.5139999389648,,
604,SEN,2018,,,,2.25,,,,-0.119785054,,,
605,SGP,2016,,,9.99e-05,,,,,,,,
606,SGP,2017,,,,,,,,,,4.1,
607,SGP,2019,5703569.0,87.4,,,174608203607.317,,,,85.9759979248047,,
608,SGP,2018,,,,4.0,,,,1.58952560499999,,,
609,SLB,2016,,,0.0322873835434435,,,,,,,,
610,SLB,2017,,,,,,,1622.2,,,,2789.0
611,SLB,2006,,,,,476914773.732094,,,,,,
612,SLB,2018,,,,2.57,,,,-0.271285117,,,
613,SLB,2019,669823.0,,,,,,,,33.3240013122559,,
614,SLE,2016,,,0.216132489215889,,,,,,,,
615,SLE,2017,,,,,,,1956.1,,,90.8,1495419.0
616,SLE,2018,,,,2.08,13300561327.9281,,,-0.669856552999999,,,
617,SLE,2019,7813215.0,39.0,,,,,,,11.2639999389648,,
618,SLV,2016,,,0.115950821119034,,,,,,,,
619,SLV,2017,,,,,,,2794.3,,,40.0,1026000.0
620,SLV,2019,6453553.0,60.7,,,44916830439.7323,,,,61.2939987182617,,
621,SLV,2018,,,,2.58,,,,-0.20661547,,,
622,SMR,2016,,,0.029847182425979,,,,,,,,
623,SMR,2019,33860.0,,,,,,,,,,
624,SOM,2016,,,0.0775433532551607,,,,,,,,
625,SOM,2017,,,,,20854705252.7666,,547.0,,,,187978.0
626,SOM,2018,,,,2.21,,,,-2.111421565,,,
627,SOM,2019,15442905.0,,,,,,,,11.6450004577637,,
628,SRB,2016,,,0.368076151810586,,,,,,,,
629,SRB,2017,,,,,,,3967.7,,,11.7,6814534.0
630,SRB,2019,6944975.0,62.8,,,75801638162.8623,,,,72.1029968261719,,
631,SRB,2018,,,,2.84,,,,-0.003633751,,,
632,SSD,2017,,,,,,,1414.5,,,,764000.0
633,SSD,2014,,,,,12831734623.9734,,,,,,
634,SSD,2019,11062113.0,,,,,,,,11.746000289917,,
635,STP,2016,,,0.0428092714514565,,,,,,,,
636,STP,2017,,,,,,,2083.9,,,,964.0
637,STP,2018,,,,2.65,,,,-0.259925545,,,
638,STP,2019,215056.0,,,,,,,,50.273998260498,,
639,SUR,2016,,,0.11506705754061,,,,,,,,
640,SUR,2017,,,,,,,4464.0,,,,274490.0
641,SUR,2010,,,,,2587001380.08023,,,,,,
642,SUR,2019,581372.0,,,,,,,,85.8740005493164,,
643,SVK,2016,,,0.248029847547267,,,,,,,,
644,SVK,2017,,,,,,,4856.0,,,4.7,3484061.0
645,SVK,2019,5454073.0,68.3,,,89335796902.6679,,,,85.2990036010742,,
646,SVK,2018,,,,3.03,,,,0.712621873,,,
647,SVN,2016,,,0.0890441961387773,,,,,,,,
648,SVN,2017,,,,,,,5543.3,,,,551579.0
649,SVN,2019,2087946.0,,,,38679330316.6573,,,,85.0240020751953,,
650,SVN,2018,,,,3.31,,,,0.939565986999999,,,
651,SWE,2016,,,0.259455612610015,,,,,,,,
652,SWE,2017,,,,,,,5992.3,,,5.4,5949600.0
653,SWE,2019,10285453.0,82.7,,,244641572182.221,,,,90.431999206543,,
654,SWE,2018,,,,4.05,,,,1.73154196199999,,,
655,SWZ,2016,,,0.157093818223601,,,,,,,,
656,SWZ,2017,,,,,,,1136.9,,,63.5,92304.0
657,SWZ,2018,,,,,6625815255.34606,,,-0.635029629,,,
658,SWZ,2019,1148130.0,,,,,,,,65.1750030517578,,
659,SXM,2019,40733.0,,,,,,,,,,
660,SYC,2016,,,0.0015843341673317,,,,,,,,
661,SYC,2017,,,,,,,,,,14.3,
662,SYC,2019,97625.0,,,,1665848500.53414,,,,,,
663,SYR,2016,,,0.267103122259035,,,,,,,,
664,SYR,2017,,,,,,,1621.5,,,,3171006.0
665,SYR,2018,,,,2.3,,,,-1.990330954,,,
666,SYR,2019,17070135.0,38.4,,,,,,,62.9379997253418,,
667,TCA,2016,,,0.0273530457616456,,,,,,,,
668,TCA,2019,38191.0,,,,,,,,,,
669,TCD,2016,,,0.336499958177862,,,,,,,,
670,TCD,2017,,,,,,,825.2,,,,2716901.0
671,TCD,2019,15946876.0,36.9,,,21437683815.8254,,,,6.74399995803833,,
672,TCD,2018,,,,2.42,,,,-1.351162056,,,
673,TGO,2016,,,0.35286510486352,,,,,,,,
674,TGO,2017,,,,,,,1139.3,,,68.1,1301069.0
675,TGO,2019,8082366.0,44.0,,,8756384254.67703,,,,17.2800006866455,,
676,TGO,2018,,,,2.45,,,,-0.657246104999999,,,
677,THA,2016,,,0.243724454150377,,,,,,,,
678,THA,2017,,,,,,,3239.7,,,,38717417.0
679,THA,2019,69625582.0,65.1,,,651558228354.757,,,,48.8330001831055,,
680,THA,2018,,,,3.41,,,,-0.319611497,,,
681,TJK,2016,,,0.0842607887571638,,,,,,,,
682,TJK,2017,,,,,19431342988.5003,,3459.3,,,29.6,1364951.0
683,TJK,2018,,,,2.34,,,,-1.138347357,,,
684,TJK,2019,9321018.0,49.0,,,,,,,57.0839996337891,,
685,TKM,2016,,,0.342612601220831,,,,,,,,
686,TKM,2017,,,,,,,1099.5,,,,1191719.0
687,TKM,2012,,,,,10260885225.7202,18.37128608,,,,,
688,TKM,2018,,,,2.41,,,,-1.448788663,,,
689,TKM,2019,5942089.0,,,,,,,,72.9410018920898,,
690,TLS,2016,,,0.127123370360407,,,,,,,,
691,TLS,2017,,,,,,,2508.5,,,,187104.0
692,TLS,2018,,,,,2508201304.1469,,,-0.593197931,,,
693,TLS,2007,,,,1.71,,,,,,,
694,TLS,2019,1293119.0,,,,,,,,31.2859992980957,,
695,TON,2016,,,0.177983447539379,,,,,,,,
696,TON,2012,,,,,462309378.609887,49.60833333,,,,,
697,TON,2019,104494.0,,,,,,,,46.6529998779297,,
698,TTO,2016,,,0.0181479771538745,,,,,,,,
699,TTO,2017,,,,,,,1371.7,,,,5521.0
700,TTO,2018,,,,2.42,,,,0.128207367,,,
701,TTO,2019,1394973.0,,,,,,,,76.504997253418,,
702,TUN,2016,,,0.256547580818238,,,,,,,,
703,TUN,2017,,,,,,,1532.9,,,,1642301.0
704,TUN,2018,,,,2.57,97897153137.5473,,,-0.23917368,,,
705,TUN,2019,11694719.0,60.1,,,,,,,72.9459991455078,,
706,TUR,2016,,,0.255331493466616,,,,,,,,
707,TUR,2017,,,,,,,3257.4,,,,36126157.0
708,TUR,2019,83429615.0,69.8,,,1125359775081.31,,,,68.4980010986328,,
709,TUR,2018,,,,3.15,,,,-0.457861463,,,
710,TUV,2019,11646.0,,,,,,,,,,
711,TZA,2016,,,0.25447311906194,2.990185,,,,,,,
712,TZA,2017,,,,,93618751927.4323,,1543.8,,,69.3,10092940.0
713,TZA,2019,58005463.0,47.6,,,,,,,14.4969997406006,,
714,UGA,2016,,,0.174033645394997,,,,,,,,
715,UGA,2017,,,,,,,2050.4,,,,3831448.0
716,UGA,2019,44269594.0,46.2,,,73691108310.7908,,,,21.6119995117188,,
717,UGA,2018,,,,2.58,,,,-0.587722144999999,,,
718,UKR,2016,,,0.728279911548743,,,,,,,,
719,UKR,2017,,,,,,,4315.8,,,,60686033.0
720,UKR,2019,44385155.0,57.1,,,372316366050.919,,,,84.2590026855469,,
721,UKR,2018,,,,2.83,,,,-0.747529913,,,
722,URY,2016,,,0.704003262040205,,,,,,,,
723,URY,2017,,,,,,,4252.2,,,25.3,2669701.0
724,URY,2019,3461734.0,72.8,,,47440424547.1091,,,,71.931999206543,,
725,URY,2018,,,,2.69,,,,0.878506382,,,
726,USA,2016,,,0.471486597761412,,,,,,,,
727,USA,2017,,,,,,,8280.8,,,9.2,440117262.0
728,USA,2018,,,,3.89,13998665999999.9,,,1.23872791699999,,,
729,USA,2019,328239523.0,83.7,,,,,,,93.7819976806641,,
730,UZB,2016,,,0.138156675950377,,,,,,,,
731,UZB,2017,,,,,119013315709.038,,4341.4,,,,7043155.0
732,UZB,2018,,,,2.58,,,,-1.12933404699999,,,
733,UZB,2019,33580650.0,59.0,,,,,,,56.6180000305176,,
734,VCT,2016,,,0.045679204085548,,,,,,,,
735,VCT,2017,,,,,,,26110.2,,,,633.0
736,VCT,2019,110589.0,,,,,,,,74.6100006103516,,
737,VEN,2016,,,0.0904638412843399,,,,,,,,
738,VEN,2017,,,,,,,3138.3,,,,1475140.0
739,VEN,2011,,,,,254385406171.43,,,,,,
740,VEN,2018,,,,2.23,,,,-1.50370633599999,,,
741,VEN,2019,28515829.0,31.2,,,,,,,61.6030006408691,,
742,VGB,2016,,,0.0340657468915006,,,,,,,,
743,VGB,2019,30030.0,,,,,,,,,,
744,VIR,2016,,,0.0093014603292717,,,,,,,,
745,VIR,2019,106631.0,,,,,,,,87.3369979858398,,
746,VNM,2016,,,0.0747340384518695,,,,,,,,
747,VNM,2017,,,,,,,5434.4,,,14.5,47877218.0
748,VNM,2019,96462106.0,64.6,,,516499071047.66,,,,43.8790016174316,,
749,VNM,2018,,,,3.27,,,,-0.338407662,,,
750,VUT,2016,,,0.0718571479897963,,,,,,,,
751,VUT,2017,,,,,,,614.7,,,,904.0
752,VUT,2014,,,,,427371341.256154,,,,,,
753,VUT,2019,299882.0,,,,,,,,28.1189994812012,,
754,WSM,2016,,,0.0411237052458426,,,,,,,,
755,WSM,2019,197097.0,,,,,,,,66.984001159668,,
756,XKX,2007,,,0.17306986715157,,,,,,,,
757,XKX,2019,1794248.0,,,,16864417335.2588,,,,,,
758,YEM,2016,,,0.0459360406887314,,,,,,,,
759,YEM,2017,,,,,,,729.0,,,,501466.0
760,YEM,2018,,,,2.27,,,,-1.835708121,,,
761,YEM,2019,29161922.0,35.6,,,,,,,47.0589981079102,,
762,ZAF,2016,,,0.222405468512777,,,,,,,,
763,ZAF,2017,,,,,,,5648.2,,,51.1,18905871.0
764,ZAF,2019,58558270.0,67.3,,,447629872494.964,,,,84.447998046875,,
765,ZAF,2018,,,,3.38,,,,0.1865307,,,
766,ZMB,2016,,,0.232224058082415,,,,,,,,
767,ZMB,2017,,,,,,,2477.6,,,,3899237.0
768,ZMB,2018,,,,2.53,27549131913.0289,,,-0.326178839,,,
769,ZMB,2019,17861030.0,44.4,,,,,,,21.5629997253418,,
770,ZWE,2016,,,0.285095425002441,,,,,,,,
771,ZWE,2017,,,,,36062604208.1757,,616.0,,,,1102705.0
772,ZWE,2018,,,,2.12,,,,-1.20182415799999,,,
773,ZWE,2019,14645468.0,,,,,,,,34.7910003662109,,
774,ABW,2012,,,,,,32.83333333,,,,,
775,AFG,2012,,,,,,15.5388236599999,,,,,
776,AGO,2012,,,,,,36.8420898799999,,,,,
777,AIA,2012,,,,,,52.16,,,,,
778,ALB,2012,,,,,,25.07173121,,,,,
779,ALA,2012,,,,,,16.04157895,,,,,
780,AND,2012,,,,,,0.861428571,,,,,
781,ARE,2012,,,,,,0.042535832,,,,,
782,ARG,2012,,,,,,36.3201802,,,,,
783,ARM,2012,,,,,,49.5521978,,,,,
784,ASM,2012,,,,,,9.92,,,,,
785,ATG,2012,,,,,,53.245,,,,,
786,AUS,2012,,,,,,15.87902076,,,,,
787,AUT,2012,,,,,,23.55702759,,,,,
788,AZE,2012,,,,,,49.02882129,,,,,
789,BDI,2012,,,,,,24.28916129,,,,,
790,BEL,2012,,,,,,50.4192416199999,,,,,
791,BEN,2012,,,,,,50.92229993,,,,,
792,BFA,2012,,,,,,41.53651255,,,,,
793,BGD,2012,,,,,,27.81011601,,,,,
794,BGR,2012,,,,,,50.15601013,,,,,
795,BHR,2012,,,,,,1.162,,,,,
796,BHS,2012,,,,,,34.63934911,,,,,
797,BIH,2012,,,,,,42.3142413399999,,,,,
798,BLR,2012,,,,,,55.47297956,,,,,
799,BLZ,2012,,,,,,27.58826715,,,,,
800,BOL,2012,,,,,,32.6436977599999,,,,,
801,BRA,2012,,,,,,29.4005114999999,,,,,
802,BRB,2012,,,,,,61.59833333,,,,,
803,BRN,2012,,,,,,19.18846154,,,,,
804,BTN,2012,,,,,,2.138795411,,,,,
805,BWA,2012,,,,,,20.5743432299999,,,,,
806,CAF,2012,,,,,,35.84490809,,,,,
807,CAN,2012,,,,,,10.0773986599999,,,,,
808,CHE,2012,,,,,,17.62457143,,,,,
809,CHL,2012,,,,,,9.16053285,,,,,
810,CHN,2012,,,,,,15.92669023,,,,,
811,CIV,2012,,,,,,33.63727728,,,,,
812,CMR,2012,,,,,,33.6468665199999,,,,,
813,COD,2012,,,,,,32.21204174,,,,,
814,COG,2012,,,,,,24.5446361399999,,,,,
815,COL,2012,,,,,,23.77691891,,,,,
816,COM,2012,,,,,,17.76411765,,,,,
817,CPV,2012,,,,,,13.37121951,,,,,
818,CRI,2012,,,,,,21.15248377,,,,,
819,CUB,2012,,,,,,43.7842097599999,,,,,
820,CUW,2012,,,,,,37.206,,,,,
821,CYM,2012,,,,,,39.9975,,,,,
822,CYN,2012,,,,,,31.61520833,,,,,
823,CYP,2012,,,,,,26.5786075899999,,,,,
824,CZE,2012,,,,,,40.79919378,,,,,
825,DEU,2012,,,,,,39.71135478,,,,,
826,DJI,2012,,,,,,0.667519379999999,,,,,
827,DMA,2012,,,,,,10.151,,,,,
828,DNK,2012,,,,,,51.23011377,,,,,
829,DOM,2012,,,,,,51.75470882,,,,,
830,DZA,2012,,,,,,4.898346713,,,,,
831,ECU,2012,,,,,,24.32463866,,,,,
832,EGY,2012,,,,,,0.524293049,,,,,
833,ERI,2012,,,,,,11.84848161,,,,,
834,ESP,2012,,,,,,32.1342945799999,,,,,
835,EST,2012,,,,,,23.8750295299999,,,,,
836,ETH,2012,,,,,,28.04114249,,,,,
837,FIN,2012,,,,,,11.19531253,,,,,
838,FJI,2012,,,,,,13.6453744499999,,,,,
839,FRA,2012,,,,,,44.87416559,,,,,
840,GAB,2012,,,,,,19.61241186,,,,,
841,Gaza,2012,,,,,,55.4175,,,,,
842,GBR,2012,,,,,,25.8424815799999,,,,,
843,GEO,2012,,,,,,34.17228022,,,,,
844,GGY,2012,,,,,,63.3799999999999,,,,,
845,GHA,2012,,,,,,39.67929762,,,,,
846,GIN,2012,,,,,,32.64564182,,,,,
847,GMB,2012,,,,,,29.31140496,,,,,
848,GNB,2012,,,,,,50.8251474499999,,,,,
849,GNQ,2012,,,,,,16.99564516,,,,,
850,GRC,2012,,,,,,22.25510443,,,,,
851,GRD,2012,,,,,,32.1,,,,,
852,GTM,2012,,,,,,30.2004242399999,,,,,
853,GUY,2012,,,,,,27.60718248,,,,,
854,HKG,2012,,,,,,8.506923077,,,,,
855,HND,2012,,,,,,27.86782258,,,,,
856,HRV,2012,,,,,,41.6410643,,,,,
857,HTI,2012,,,,,,53.51261398,,,,,
858,HUN,2012,,,,,,62.6697031,,,,,
859,IDN,2012,,,,,,16.4966929999999,,,,,
860,IMN,2012,,,,,,20.17181818,,,,,
861,IND,2012,,,,,,35.9345515599999,,,,,
862,IRL,2012,,,,,,30.41151172,,,,,
863,IRN,2012,,,,,,16.13865492,,,,,
864,IRQ,2012,,,,,,12.42497453,,,,,
865,ISR,2012,,,,,,27.53587662,,,,,
866,ITA,2012,,,,,,26.8142965,,,,,
867,JAM,2012,,,,,,30.21326087,,,,,
868,JEY,2012,,,,,,58.77666667,,,,,
869,JOR,2012,,,,,,5.17181591999999,,,,,
870,JPN,2012,,,,,,27.73617431,,,,,
871,KAZ,2012,,,,,,30.2486073399999,,,,,
872,KEN,2012,,,,,,39.33720629,,,,,
873,KGZ,2012,,,,,,15.6681337199999,,,,,
874,KHM,2012,,,,,,28.54346278,,,,,
875,KNA,2012,,,,,,46.9766666699999,,,,,
876,KOR,2012,,,,,,21.7424875599999,,,,,
877,KOS,2012,,,,,,40.296,,,,,
878,KWT,2012,,,,,,0.117531915,,,,,
879,LAO,2012,,,,,,11.6315414599999,,,,,
880,LBN,2012,,,,,,28.99507042,,,,,
881,LBR,2012,,,,,,22.41836898,,,,,
882,LBY,2012,,,,,,2.867141115,,,,,
883,LCA,2012,,,,,,19.4683333299999,,,,,
884,LIE,2012,,,,,,13.425,,,,,
885,LKA,2012,,,,,,39.92591495,,,,,
886,LSO,2012,,,,,,30.0220595499999,,,,,
887,LTU,2012,,,,,,46.466059,,,,,
888,LUX,2012,,,,,,32.6275,,,,,
889,LVA,2012,,,,,,39.7338664699999,,,,,
890,MAR,2012,,,,,,19.4957893399999,,,,,
891,MDA,2012,,,,,,90.1235551699999,,,,,
892,MDG,2012,,,,,,38.23270898,,,,,
893,MEX,2012,,,,,,26.4931397999999,,,,,
894,MKD,2012,,,,,,31.88304569,,,,,
895,MLI,2012,,,,,,13.61075693,,,,,
896,MLT,2012,,,,,,70.53166667,,,,,
897,MMR,2012,,,,,,15.23748069,,,,,
898,MNE,2012,,,,,,24.1837037,,,,,
899,MNG,2012,,,,,,9.48411514699999,,,,,
900,MOZ,2012,,,,,,52.88994828,,,,,
901,MRT,2012,,,,,,3.256392248,,,,,
902,MSR,2012,,,,,,34.09,,,,,
903,MUS,2012,,,,,,36.47043478,,,,,
904,MWI,2012,,,,,,37.2619427,,,,,
905,MYS,2012,,,,,,12.31434031,,,,,
906,NAM,2012,,,,,,10.40109679,,,,,
907,NCL,2012,,,,,,22.59025424,,,,,
908,NER,2012,,,,,,10.98748689,,,,,
909,NGA,2012,,,,,,40.53825917,,,,,
910,NIC,2012,,,,,,36.26811125,,,,,
911,NLD,2012,,,,,,32.96338192,,,,,
912,NOR,2012,,,,,,1.779748514,,,,,
913,NPL,2012,,,,,,9.265364851,,,,,
914,NZL,2012,,,,,,24.30109727,,,,,
915,OMN,2012,,,,,,0.994862573999999,,,,,
916,PAK,2012,,,,,,8.91535198099999,,,,,
917,PAN,2012,,,,,,22.95708861,,,,,
918,PER,2012,,,,,,15.45141674,,,,,
919,PHL,2012,,,,,,23.5062266299999,,,,,
920,PNG,2012,,,,,,15.55396313,,,,,
921,POL,2012,,,,,,44.49597302,,,,,
922,PRI,2012,,,,,,42.18580357,,,,,
923,PRK,2012,,,,,,24.42391304,,,,,
924,PRT,2012,,,,,,32.87353996,,,,,
925,PRY,2012,,,,,,50.64995277,,,,,
926,QAT,2012,,,,,,1.64746478899999,,,,,
927,ROU,2012,,,,,,57.8874366799999,,,,,
928,RUS,2012,,,,,,14.92364546,,,,,
929,RWA,2012,,,,,,31.87142373,,,,,
930,ESH,2012,,,,,,0.138257511,,,,,
931,SAU,2012,,,,,,0.192460608,,,,,
932,SDN,2012,,,,,,13.77943977,,,,,
933,SSD,2012,,,,,,34.8819653999999,,,,,
934,SEN,2012,,,,,,28.27990749,,,,,
935,SGP,2012,,,,,,20.2649999999999,,,,,
936,SLB,2012,,,,,,9.275424837,,,,,
937,SLE,2012,,,,,,26.50167447,,,,,
938,SLV,2012,,,,,,30.7216532299999,,,,,
939,SMR,2012,,,,,,46.24,,,,,
940,SOL,2012,,,,,,4.67185483899999,,,,,
941,SOM,2012,,,,,,10.48518438,,,,,
942,SPM,2012,,,,,,15.3825,,,,,
943,SRB,2012,,,,,,53.71561362,,,,,
944,STP,2012,,,,,,27.59818182,,,,,
945,SUR,2012,,,,,,26.74442748,,,,,
946,SVK,2012,,,,,,44.97515152,,,,,
947,SVN,2012,,,,,,32.91321429,,,,,
948,SWE,2012,,,,,,11.8783599999999,,,,,
949,SWZ,2012,,,,,,36.80272321,,,,,
950,SXM,2012,,,,,,42.14,,,,,
951,SYR,2012,,,,,,28.4616628699999,,,,,
952,TCA,2012,,,,,,23.33,,,,,
953,TCD,2012,,,,,,18.1362159,,,,,
954,TGO,2012,,,,,,38.45155589,,,,,
955,THA,2012,,,,,,25.5020227999999,,,,,
956,TJK,2012,,,,,,16.16441871,,,,,
957,TLS,2012,,,,,,37.63222857,,,,,
958,TTO,2012,,,,,,35.03242424,,,,,
959,TUN,2012,,,,,,14.2843758499999,,,,,
960,TUR,2012,,,,,,40.29305617,,,,,
961,TWN,2012,,,,,,5.01,,,,,
962,TZA,2012,,,,,,42.45141299,,,,,
963,UGA,2012,,,,,,32.99389794,,,,,
964,UKR,2012,,,,,,72.25371178,,,,,
965,URY,2012,,,,,,64.84322803,,,,,
966,USA,2012,,,,,,32.63929823,,,,,
967,UZB,2012,,,,,,19.9464738799999,,,,,
968,VCT,2012,,,,,,14.465,,,,,
969,VEN,2012,,,,,,25.49145142,,,,,
970,VIR,2012,,,,,,51.8425,,,,,
971,VNM,2012,,,,,,13.42990262,,,,,
972,VUT,2012,,,,,,12.7407194199999,,,,,
973,PSE,2012,,,,,,26.42716049,,,,,
974,WSM,2012,,,,,,15.55606061,,,,,
975,YEM,2012,,,,,,0.213458742,,,,,
976,ZAF,2012,,,,,,25.7031409299999,,,,,
977,ZMB,2012,,,,,,47.0209099,,,,,
978,ZWE,2012,,,,,,42.11095396,,,,,
979,GUF,2012,,,,,,17.87276074,,,,,
980,ASM,2018,,,,,,,,0.883847991,,,
981,AND,2018,,,,,,,,1.353258014,,,
982,AIA,2018,,,,,,,,0.930156762999999,,,
983,ATG,2018,,,,,,,,0.578100369,,,
984,ABW,2018,,,,,,,,1.228575279,,,
985,AZE,2018,,,,,,,,-0.724484239999999,,,
986,BRB,2018,,,,,,,,0.942998603,,,
987,BLZ,2018,,,,,,,,-0.261449741,,,
988,BMU,2018,,,,,,,,1.05719947799999,,,
989,BWA,2018,,,,,,,,0.668172910999999,,,
990,CPV,2018,,,,,,,,0.486825567,,,
991,CYM,2018,,,,,,,,0.820224941,,,
992,COK,2018,,,,,,,,0.0,,,
993,DMA,2018,,,,,,,,0.599157216,,,
994,ETH,2018,,,,,,,,-0.931375603,,,
995,GUF,2018,,,,,,,,1.116093268,,,
996,GRL,2018,,,,,,,,1.386156241,,,
997,GRD,2018,,,,,,,,0.485954019,,,
998,GUM,2018,,,,,,,,0.679404380999999,,,
999,HKG,2018,,,,,,,,1.39962435799999,,,
1000,ISR,2018,,,,,,,,0.781254191999999,,,
1001,JEY,2018,,,,,,,,1.24002922599999,,,
1002,KIR,2018,,,,,,,,0.179470758,,,
1003,PRK,2018,,,,,,,,-1.650758167,,,
1004,XKX,2018,,,,,,,,-0.299321751,,,
1005,LIE,2018,,,,,,,,1.575522423,,,
1006,MAC,2018,,,,,,,,0.996453900999999,,,
1007,MHL,2018,,,,,,,,-0.0934885449999999,,,
1008,MTQ,2018,,,,,,,,1.024377274,,,
1009,FSM,2018,,,,,,,,0.247642657,,,
1010,MCO,2018,,,,,,,,0.923582553999999,,,
1011,MOZ,2018,,,,,,,,-0.813895722,,,
1012,NAM,2018,,,,,,,,0.359235318999999,,,
1013,NRU,2018,,,,,,,,-0.213411063,,,
1014,ANT,2018,,,,,,,,0.0,,,
1015,NIC,2018,,,,,,,,-0.582684382999999,,,
1016,NIU,2018,,,,,,,,0.0,,,
1017,PLW,2018,,,,,,,,0.236694187,,,
1018,PRI,2018,,,,,,,,0.543224186,,,
1019,REU,2018,,,,,,,,0.87072838,,,
1020,WSM,2018,,,,,,,,0.569733082,,,
1021,SMR,2018,,,,,,,,1.065363884,,,
1022,SYC,2018,,,,,,,,0.316618574,,,
1023,SSD,2018,,,,,,,,-1.91232240199999,,,
1024,LCA,2018,,,,,,,,0.566399331,,,
1025,VCT,2018,,,,,,,,0.604264700999999,,,
1026,SUR,2018,,,,,,,,-0.111673455,,,
1027,TWN,2018,,,,,,,,1.10302475099999,,,
1028,TZA,2018,,,,,,,,-0.411518517,,,
1029,TON,2018,,,,,,,,0.112465409,,,
1030,TUV,2018,,,,,,,,0.244109443,,,
1031,VUT,2018,,,,,,,,0.043813314,,,
1032,VIR,2018,,,,,,,,0.892487896,,,
1033,PSE,2018,,,,,,,,-0.713224431,,,
1034,ISR,2019,,79.0,,,,,,,,,
