,Index,"Region, development group, country or area",Location code,1990,1991,1992,1993,1994,1995,1996,1997,1998,1999,2000,2001,2002,2003,2004,2005,2006,2007,2008,2009,2010,2011,2012,2013,2014,2015,2016,2017,2018,2019,2020
0,22, AFRICA,903,20621464,20965450,21309436,21653422,21997408,22341394,22289115,22236837,22184559,22132281,22080003,22712283,23344564,23976844,24609125,25241406,26031895,26822384,27612873,28403362,29193852,30377473,31561094,32744716,33928337,35111959,36202999,37294040,38385081,39476122,40567163
1,23,  Eastern Africa,910,7784743,7774749,7764755,7754761,7744767,7734774,7403817,7072861,6741904,6410948,6079992,6102543,6125094,6147645,6170196,6192747,6459036,6725325,6991614,7257903,7524192,7984211,8444231,8904250,9364270,9824290,10264889,10705489,11146089,11586689,12027289
2,24,   Burundi,108,337100,377791,418483,459174,499866,540558,584181,627804,671427,715050,758673,730921,703170,675418,647667,619916,552748,485580,418413,351245,284078,319258,354438,389618,424798,459979,478204,496429,514654,532879,551105
3,25,   Comoros,174,40079,42321,44563,46805,49047,51290,55132,58974,62817,66659,70502,75630,80758,85886,91014,96143,98739,101335,103932,106528,109125,111649,114174,116699,119224,121749,127563,133378,139193,145008,150823
4,26,   Djibouti,262,5308,5639,5970,6301,6632,6964,7382,7800,8218,8636,9055,9641,10227,10814,11400,11987,12349,12711,13073,13435,13797,14431,15065,15700,16334,16969,17248,17527,17806,18085,18365
5,27,   Eritrea,232,170603,211533,252464,293395,334326,375257,402506,429756,457006,484256,511506,469067,426628,384189,341750,299311,305122,310933,316744,322555,328366,387644,446922,506200,565478,624757,660370,695983,731596,767209,802822
6,28,   Ethiopia,231,1689941,1515236,1340532,1165828,991124,816420,742313,668206,594099,519992,445886,461516,477146,492777,508407,524038,555288,586538,617789,649039,680290,712731,745172,777613,810054,842496,863222,883949,904675,925402,946129
7,29,   Kenya,404,250332,255795,261258,266721,272184,277647,285604,293561,301519,309476,317434,326353,335272,344192,353111,362031,378151,394271,410391,426511,442632,450235,457838,465441,473044,480647,491587,502527,513467,524407,535348
8,30,   Madagascar,450,59415,60996,62578,64160,65742,67324,69277,71230,73183,75136,77089,91432,105775,120118,134461,148805,151207,153610,156013,158416,160819,163828,166838,169848,172858,175868,179399,182931,186462,189994,193526
9,31,   Malawi,454,143436,144913,146391,147869,149347,150825,157905,164986,172067,179148,186229,193387,200546,207705,214864,222023,229724,237426,245127,252829,260531,267919,275307,282695,290083,297471,300187,302903,305619,308335,311052
10,32,   Mauritius*,480,110707,111380,112053,112726,113399,114073,115059,116045,117031,118017,119003,121332,123661,125990,128319,130649,134156,137663,141171,144678,148186,151722,155259,158795,162332,165869,169289,172710,176131,179552,182973
11,33,   Mayotte*,175,1835,2255,2675,3096,3516,3937,4392,4847,5303,5758,6214,6264,6315,6366,6417,6468,6442,6417,6392,6367,6342,6382,6423,6463,6504,6545,6589,6633,6678,6722,6767
12,34,   Mozambique,508,2222354,1940420,1658486,1376552,1094618,812685,779032,745379,711726,678073,644421,648127,651833,655539,659245,662951,689922,716893,743865,770836,797808,757636,717464,677292,637120,596949,605591,614233,622875,631517,640160
13,35,   R?union*,638,3087,2994,2901,2808,2715,2623,2570,2517,2465,2412,2360,2399,2438,2477,2516,2556,2594,2633,2671,2710,2749,2780,2812,2843,2875,2907,2938,2969,3001,3032,3064
14,36,   Rwanda,646,547717,850246,1152775,1455304,1757833,2060363,1711930,1363497,1015064,666631,318198,312378,306558,300739,294919,289100,298128,307157,316186,325215,334244,368128,402013,435897,469782,503667,501431,499195,496960,494724,492489
15,37,   Seychelles,690,35633,34066,32499,30932,29365,27798,26087,24376,22665,20954,19244,20092,20941,21789,22638,23487,23976,24465,24954,25443,25932,26242,26552,26862,27172,27483,27838,28193,28548,28903,29258
16,38,   Somalia,706,848055,872235,896415,920595,944775,968956,976390,983824,991259,998693,1006128,1017093,1028058,1039023,1049988,1060953,1167828,1274703,1381578,1488453,1595328,1677960,1760592,1843225,1925857,2008490,2013636,2018782,2023928,2029074,2034221
17,39,   South Sudan,728,514943,499563,484183,468803,453423,438044,418960,399877,380794,361711,342628,319809,296991,274173,251355,228537,263352,298168,332984,367800,402616,534228,665840,797453,929065,1060678,1363716,1666754,1969793,2272831,2575870
18,40,   Uganda,800,311591,321666,331742,341817,351893,361969,393130,424291,455453,486614,517776,531541,545306,559071,572836,586602,615635,644668,673701,702734,731768,742660,753552,764444,775336,786229,785271,784313,783355,782397,781440
19,41,   United Republic of Tanzania*,834,203043,208264,213486,218707,223929,229151,226412,223674,220936,218198,215460,219351,223243,227134,231026,234918,240368,245819,251270,256721,262172,268558,274944,281330,287716,294102,300854,307606,314358,321110,327863
20,42,   Zambia,894,85201,96339,107478,118617,129756,140895,144756,148617,152478,156339,160201,164460,168720,172979,177239,181499,181752,182005,182259,182512,182766,183087,183408,183729,184050,184371,187636,190902,194168,197434,200700
21,43,   Zimbabwe,716,204363,221089,237815,254542,271268,287995,300793,313591,326389,339187,351985,381742,411500,441257,471015,500773,551547,602321,653095,703869,754643,837127,919611,1002095,1084579,1167064,1182314,1197564,1212814,1228064,1243314
22,44,  Middle Africa,911,1922243,1909314,1896386,1883458,1870530,1857602,1973953,2090305,2206656,2323008,2439360,2496799,2554238,2611677,2669116,2726556,2782753,2838950,2895148,2951345,3007543,3169432,3331321,3493211,3655100,3816990,3937724,4058458,4179193,4299927,4420662
23,45,   Angola,24,824886,797625,770364,743103,715842,688581,733506,778431,823356,868281,913206,873918,834630,795342,756054,716766,703689,690612,677536,664459,651383,644764,638145,631526,624907,618288,628243,638199,648154,658110,668066
24,46,   Cameroon,120,115835,120455,125075,129695,134315,138936,144008,149080,154152,159224,164296,175683,187070,198457,209844,221232,232765,244298,255831,267364,278898,292913,306928,320943,334958,348974,367382,385790,404198,422606,441015
25,47,   Central African Republic,140,46354,46924,47494,48064,48634,49205,50447,51689,52931,54173,55416,70614,85813,101012,116211,131410,154314,177219,200123,223028,245933,333991,422049,510107,598165,686224,712312,738401,764490,790579,816668
26,48,   Chad,148,336798,314057,291317,268576,245836,223096,219687,216278,212869,209460,206052,206973,207895,208817,209739,210661,209013,207365,205718,204070,202423,200192,197961,195730,193499,191269,197475,203682,209889,216096,222303
27,49,   Congo,178,96370,100231,104092,107954,111815,115677,119588,123500,127411,131323,135235,142710,150185,157660,165135,172610,173710,174810,175910,177010,178111,183454,188798,194141,199485,204829,208616,212404,216191,219979,223767
28,50,   Democratic Republic of the Congo,180,436513,461175,485837,510499,535161,559824,620267,680710,741153,801596,862039,915805,969572,1023338,1077105,1130872,1164406,1197940,1231475,1265009,1298544,1353279,1408015,1462750,1517486,1572222,1624191,1676160,1728130,1780099,1832069
29,51,   Equatorial Guinea,226,36175,38222,40269,42317,44364,46412,49115,51819,54522,57226,59930,62301,64673,67045,69417,71789,74309,76829,79349,81869,84390,90901,97412,103924,110435,116947,119312,121677,124043,126408,128774
30,52,   Gabon,266,15347,15599,15852,16104,16357,16610,16896,17182,17468,17754,18041,22704,27367,32030,36693,41357,40472,39587,38702,37817,36933,38161,39389,40618,41846,43075,44138,45201,46265,47328,48392
31,53,   Sao Tome and Principe,678,13965,15024,16083,17142,18201,19261,20437,21614,22791,23968,25145,26087,27030,27973,28916,29859,30072,30286,30500,30714,30928,31774,32621,33468,34315,35162,36051,36940,37829,38718,39608
32,54,  Northern Africa,912,5286657,5399809,5512962,5626115,5739268,5852421,5970334,6088248,6206161,6324075,6441989,6746875,7051761,7356648,7661534,7966421,8223362,8480303,8737245,8994186,9251128,9583852,9916576,10249300,10582024,10914748,11188323,11461898,11735474,12009049,12282625
33,55,   Algeria,12,921665,933260,944855,956450,968045,979641,991309,1002978,1014647,1026316,1037985,1150317,1262649,1374982,1487314,1599647,1610770,1621893,1633017,1644140,1655264,1691511,1727759,1764006,1800254,1836502,1873669,1910836,1948003,1985170,2022337
34,56,   Egypt,818,1321915,1355932,1389950,1423968,1457986,1492004,1535262,1578520,1621779,1665037,1708296,1728225,1748154,1768083,1788012,1807941,1963681,2119421,2275162,2430902,2586643,2699528,2812413,2925298,3038183,3151069,3242947,3334825,3426704,3518582,3610461
35,57,   Libya,434,76239,76470,76702,76934,77166,77398,77921,78444,78967,79490,80014,84060,88107,92154,96201,100248,105678,111108,116538,121968,127399,132428,137457,142486,147515,152544,159138,165733,172328,178923,185518
36,58,   Morocco,504,1748116,1775277,1802439,1829600,1856762,1883924,1922541,1961158,1999775,2038392,2077010,2155739,2234468,2313197,2391926,2470656,2548665,2626674,2704683,2782692,2860702,2882915,2905129,2927342,2949556,2971770,3029860,3087950,3146041,3204131,3262222
37,59,   Sudan,729,584935,623023,661111,699199,737287,775375,797432,819489,841546,863603,885660,964054,1042448,1120843,1199237,1277632,1269144,1260656,1252168,1243680,1235193,1356674,1478156,1599638,1721120,1842602,1895059,1947516,1999973,2052430,2104887
38,60,   Tunisia,788,465549,467825,470102,472379,474656,476933,478939,480945,482951,484957,486964,505373,523782,542191,560600,579009,586353,593698,601042,608387,615732,647460,679189,710918,742647,774376,799954,825532,851111,876689,902268
39,61,   Western Sahara,732,168238,168019,167801,167582,167364,167146,166928,166711,166494,166277,166060,159105,152151,145196,138242,131288,139069,146850,154632,162413,170195,173333,176471,179609,182747,185885,187694,189503,191313,193122,194932
40,62,  Southern Africa,913,576752,582292,587833,593374,598915,604456,630027,655598,681169,706740,732312,766772,801232,835693,870153,904614,963653,1022693,1081733,1140773,1199813,1185840,1171868,1157895,1143923,1129951,1159647,1189344,1219041,1248738,1278435
41,63,   Botswana,72,26048,25501,24954,24408,23861,23315,23988,24662,25335,26009,26683,28002,29322,30641,31961,33281,35474,37668,39861,42055,44249,46458,48667,50876,53085,55294,56947,58600,60254,61907,63561
42,64,   Eswatini,748,35179,34211,33243,32275,31307,30340,31095,31850,32605,33360,34116,36265,38414,40563,42712,44861,49694,54528,59362,64196,69030,64471,59912,55353,50794,46236,46996,47757,48517,49278,50039
43,65,   Lesotho,426,191328,180381,169434,158487,147540,136593,133387,130181,126976,123770,120565,128266,135967,143668,151369,159071,175882,192693,209505,226316,243128,232793,222459,212125,201791,191457,193598,195739,197881,200022,202164
44,66,   Namibia,516,16077,18505,20934,23362,25791,28220,32445,36671,40896,45122,49348,52598,55848,59098,62348,65598,72398,79198,85998,92798,99599,89761,79923,70085,60247,50410,49882,49354,48826,48298,47770
45,67,   South Africa,710,308120,323693,339267,354840,370414,385988,409110,432232,455355,478477,501600,521640,541681,561721,581762,601803,630203,658604,687005,715406,743807,752356,760905,769455,778004,786554,812223,837892,863562,889231,914901
46,68,  Western Africa,914,5051069,5299283,5547497,5795712,6043926,6292141,6310982,6329824,6348666,6367508,6386350,6599293,6812237,7025180,7238124,7451068,7603089,7755111,7907132,8059154,8211176,8454136,8697097,8940058,9183019,9425980,9652414,9878848,10105283,10331717,10558152
47,69,   Benin,204,234314,242590,250866,259143,267419,275696,286166,296636,307106,317576,328046,363269,398493,433717,468941,504165,511562,518959,526357,533754,541152,559906,578660,597414,616168,634923,644303,653684,663065,672446,681827
48,70,   Burkina Faso,854,1021331,1060197,1099064,1137931,1176798,1215665,1228414,1241164,1253914,1266664,1279414,1293989,1308565,1323140,1337716,1352292,1368739,1385186,1401633,1418080,1434528,1451336,1468144,1484952,1501760,1518568,1534723,1550879,1567035,1583191,1599347
49,71,   Cabo Verde,132,91363,94481,97599,100717,103835,106954,110527,114101,117675,121249,124823,128255,131687,135119,138551,141984,144159,146335,148511,150687,152863,156576,160289,164002,167715,171429,174654,177880,181106,184332,187558
50,72,   C?te d'Ivoire,384,366336,382968,399600,416233,432865,449498,467445,485392,503339,521286,539234,577779,616325,654870,693416,731962,773528,815095,856661,898228,939795,963112,986429,1009746,1033063,1056380,1074963,1093547,1112130,1130714,1149298
51,73,   Gambia,270,36280,36700,37121,37542,37963,38384,39792,41201,42609,44018,45427,48583,51739,54896,58052,61209,64455,67701,70947,74193,77440,81344,85249,89153,93058,96963,105412,113861,122311,130760,139210
52,74,   Ghana,288,371157,382535,393914,405293,416672,428051,441618,455185,468752,482319,495887,529855,563824,597793,631762,665731,684985,704239,723493,742747,762002,788052,814102,840152,866202,892253,914667,937081,959495,981909,1004324
53,75,   Guinea,324,352763,355382,358002,360622,363242,365862,368093,370324,372556,374787,377019,382550,388082,393613,399145,404677,414914,425152,435390,445628,455866,463375,470884,478393,485902,493411,504886,516362,527838,539314,550790
54,76,   Guinea-Bissau,624,55406,57754,60103,62451,64800,67149,69252,71355,73458,75561,77664,78700,79736,80773,81809,82846,84586,86326,88066,89806,91546,92867,94188,95509,96830,98151,100878,103606,106334,109062,111790
55,77,   Liberia,430,516878,521961,527044,532128,537211,542295,483518,424741,365965,307188,248412,269688,290964,312240,333516,354792,327661,300530,273400,246269,219139,216459,213779,211100,208420,205741,211305,216870,222434,227999,233564
56,78,   Mali,466,647426,682053,716681,751308,785936,820564,811024,801484,791945,782405,772866,797364,821863,846362,870861,895360,915254,935148,955043,974937,994832,1041574,1088316,1135059,1181801,1228544,1243537,1258530,1273524,1288517,1303511
57,79,   Mauritania,478,134478,137924,141370,144817,148263,151710,142889,134068,125248,116427,107607,106707,105807,104907,104007,103107,105324,107541,109758,111975,114192,114279,114367,114454,114542,114630,117749,120868,123987,127106,130226
58,80,   Niger,562,149777,155235,160693,166151,171609,177067,182700,188334,193968,199602,205236,225006,244776,264546,284316,304086,310448,316810,323172,329534,335897,343716,351535,359354,367173,374993,379935,384878,389821,394764,399707
59,81,   Nigeria,566,446753,462309,477865,493422,508978,524535,541654,558773,575892,593011,610130,651582,693034,734487,775939,817392,853296,889200,925105,961009,996914,1058836,1120758,1182681,1244603,1306526,1379311,1452097,1524883,1597669,1670455
60,82,   Saint Helena*,654,884,1148,1413,1677,1942,2207,2508,2810,3111,3413,3715,3625,3536,3446,3357,3268,3335,3403,3471,3539,3607,3742,3878,4013,4149,4285,4405,4525,4645,4765,4885
61,83,   Senegal,686,370243,368006,365770,363533,361297,359061,366170,373279,380389,387498,394608,409788,424968,440148,455328,470508,485905,501302,516700,532097,547495,556897,566299,575702,585104,594507,614358,634210,654061,673913,693765
62,84,   Sierra Leone,694,61853,141047,220242,299437,378632,457827,468081,478335,488589,498843,509098,437655,366213,294770,223328,151886,146854,141823,136792,131761,126730,129243,131756,134269,136782,139296,141934,144572,147210,149848,152486
63,85,   Togo,768,193827,216984,240142,263300,286458,309616,301125,292635,284144,275654,267164,294891,322619,350347,378075,405803,408078,410353,412628,414903,417178,432818,448458,464099,479739,495380,505385,515391,525397,535403,545409
64,86, ASIA,935,56957000,57395184,57833368,58271553,58709737,59147922,60385060,61622198,62859336,64096474,65333613,66828099,68322585,69817071,71311557,72806043,75869269,78932496,81995723,85058950,88122177,91173345,94224513,97275682,100326850,103378019,105684712,107991405,110298098,112604791,114911484
65,87,  Central Asia,5500,5719892,5807885,5895878,5983872,6071865,6159859,6220356,6280853,6341350,6401847,6462345,6553655,6644966,6736277,6827588,6918899,6981578,7044257,7106936,7169615,7232295,7271442,7310589,7349737,7388884,7428032,7509526,7591020,7672515,7754009,7835504
66,88,   Kazakhstan,398,2971634,3036338,3101043,3165747,3230452,3295157,3347022,3398887,3450753,3502618,3554484,3587117,3619750,3652383,3685016,3717649,3733624,3749600,3765575,3781551,3797527,3815136,3832746,3850356,3867966,3885576,3949240,4012905,4076569,4140234,4203899
67,89,   Kyrgyzstan,417,522574,528063,533553,539042,544532,550022,553280,556539,559797,563056,566315,583622,600929,618237,635544,652852,667590,682328,697067,711805,726544,729803,733062,736322,739581,742841,749148,755455,761762,768069,774377
68,90,   Tajikistan,762,537699,541244,544789,548335,551880,555426,552577,549728,546880,544031,541183,550193,559203,568214,577224,586235,585917,585599,585282,584964,584647,584729,584812,584894,584977,585060,585418,585776,586134,586492,586851
69,91,   Turkmenistan,795,260005,256708,253412,250115,246819,243523,239698,235873,232048,228223,224398,225906,227414,228922,230430,231939,232478,233017,233556,234095,234635,235414,236193,236972,237751,238531,239335,240140,240944,241749,242554
70,92,   Uzbekistan,860,1427980,1445530,1463080,1480630,1498180,1515731,1527777,1539824,1551871,1563918,1575965,1606816,1637668,1668520,1699372,1730224,1761967,1793711,1825454,1857198,1888942,1906358,1923774,1941191,1958607,1976024,1986383,1996743,2007103,2017463,2027823
71,93,  Eastern Asia,906,7049024,7272554,7496084,7719614,7943144,8166675,8403877,8641080,8878282,9115485,9352688,9686145,10019602,10353059,10686516,11019974,11388638,11757302,12125966,12494630,12863294,13174180,13485066,13795952,14106838,14417725,14498180,14578636,14659092,14739548,14820004
72,94,   China*,156,4231625,4391364,4551103,4710842,4870581,5030321,5201240,5372160,5543079,5713999,5884919,6175377,6465835,6756294,7046752,7337211,7612698,7888185,8163673,8439160,8714648,9019881,9325115,9630349,9935583,10240817,10284887,10328958,10373028,10417099,10461170
73,95,"   China, Hong Kong SAR*",344,549125,562747,576369,589992,603614,617237,630972,644707,658442,672177,685913,699225,712538,725850,739163,752476,774394,796313,818232,840151,862070,881113,900157,919201,938245,957289,967388,977488,987588,997688,1007788
74,96,"   China, Macao SAR*",446,86460,87187,87914,88642,89369,90097,90981,91865,92749,93633,94517,97251,99986,102721,105456,108191,111272,114354,117435,120517,123599,125538,127477,129417,131356,133296,135675,138054,140433,142812,145192
75,98,   Dem. People's Republic of Korea,408,39383,42265,45148,48031,50914,53797,57507,61218,64928,68639,72350,75232,78115,80997,83880,86763,88702,90641,92580,94519,96459,97946,99434,100922,102410,103898,105193,106489,107785,109081,110377
76,99,   Japan,392,604803,614501,624199,633897,643595,653293,664421,675549,686677,697805,708933,710839,712746,714652,716559,718466,726131,733796,741461,749126,756792,758315,759838,761361,762884,764408,773291,782174,791058,799941,808825
77,100,   Mongolia,496,24466,25111,25757,26402,27048,27694,28284,28875,29466,30057,30648,32989,35330,37671,40012,42354,45364,48374,51384,54394,57405,59021,60637,62253,63869,65485,68807,72130,75452,78775,82098
78,101,   Republic of Korea,410,1513162,1549376,1585591,1621806,1658021,1694236,1730470,1766704,1802939,1839173,1875408,1895229,1915050,1934871,1954692,1974513,2030074,2085636,2141197,2196759,2252321,2232363,2212405,2192447,2172489,2152532,2162936,2173340,2183745,2194149,2204554
79,102,  South-Eastern Asia,920,7725395,8119165,8512936,8906706,9300477,9694248,10173031,10651815,11130598,11609382,12088166,12577934,13067703,13557471,14047240,14537009,15252389,15967770,16683150,17398531,18113912,18648702,19183493,19718283,20253074,20787865,21346439,21905013,22463587,23022161,23580736
80,103,   Brunei Darussalam,96,26323,28068,29814,31560,33306,35052,37090,39128,41166,43204,45242,45256,45270,45285,45299,45314,45159,45004,44850,44695,44541,44654,44768,44882,44996,45110,45156,45202,45248,45294,45340
81,104,   Cambodia,116,355428,367985,380542,393099,405656,418213,426494,434776,443057,451339,459621,502584,545547,588510,631473,674436,730160,785885,841609,897334,953059,977361,1001664,1025966,1050269,1074572,1080621,1086670,1092720,1098769,1104819
82,105,   Indonesia,360,1622259,1685253,1748248,1811243,1874238,1937233,2032801,2128370,2223939,2319508,2415077,2488319,2561561,2634803,2708045,2781287,2908222,3035157,3162092,3289027,3415963,3545789,3675615,3805442,3935268,4065095,4172349,4279604,4386859,4494114,4601369
83,106,   Lao People's Democratic Republic,418,483008,495963,508919,521874,534830,547786,568086,588386,608686,628986,649287,698830,748373,797916,847459,897002,957374,1017746,1078118,1138490,1198862,1216725,1234588,1252452,1270315,1288179,1289753,1291327,1292902,1294476,1296051
84,107,   Malaysia*,458,560353,620524,680695,740866,801037,861208,929193,997178,1065164,1133149,1201135,1236769,1272403,1308037,1343671,1379305,1423256,1467207,1511158,1555109,1599061,1635456,1671851,1708247,1744642,1781038,1796837,1812637,1828437,1844237,1860037
85,108,   Myanmar,104,685308,730535,775762,820990,866217,911445,974018,1036591,1099164,1161737,1224310,1326766,1429222,1531678,1634134,1736590,1887726,2038863,2190000,2341137,2492274,2562318,2632362,2702406,2772450,2842494,3016345,3190196,3364048,3537899,3711751
86,109,   Philippines,608,2012499,2106391,2200284,2294177,2388070,2481963,2598103,2714243,2830384,2946524,3062665,3187037,3311410,3435782,3560155,3684528,3886161,4087794,4289428,4491061,4692695,4853802,5014909,5176017,5337124,5498232,5617447,5736662,5855877,5975092,6094307
87,110,   Singapore,702,156444,158775,161106,163437,165768,168100,173066,178032,182998,187964,192930,201480,210031,218581,227132,235683,245030,254378,263725,273073,282421,290864,299308,307751,316195,324639,329404,334169,338934,343699,348464
88,111,   Thailand,764,306924,327914,348905,369896,390887,411878,435708,459538,483368,507198,531028,551158,571288,591418,611548,631678,659193,686709,714225,741741,769257,799743,830230,860716,891203,921690,954749,987808,1020867,1053926,1086985
89,112,   Timor-Leste,626,11261,24818,38376,51934,65492,79050,92907,106765,120623,134481,148339,137663,126987,116312,105636,94961,82976,70991,59006,47021,35037,35494,35952,36409,36867,37325,37777,38230,38682,39135,39588
90,113,   Viet Nam,704,1505588,1572934,1640280,1707627,1774973,1842320,1905562,1968804,2032047,2095289,2158532,2202070,2245609,2289147,2332686,2376225,2427128,2478031,2528935,2579838,2630742,2686491,2742241,2797991,2853741,2909491,3005997,3102504,3199011,3295518,3392025
91,114,  Southern Asia,5501,25384128,24889327,24394526,23899725,23404924,22910124,23215169,23520214,23825259,24130304,24435349,24834037,25232725,25631414,26030102,26428791,27913051,29397311,30881572,32365832,33850093,34890694,35931295,36971896,38012497,39053098,39921287,40789476,41657666,42525855,43394045
92,115,   Afghanistan,4,7679582,7013075,6346568,5680062,5013555,4347049,4427774,4508500,4589225,4669951,4750677,4623889,4497101,4370314,4243526,4116739,4347294,4577850,4808406,5038962,5269518,5295797,5322077,5348356,5374636,5400916,5491500,5582084,5672669,5763253,5853838
93,116,   Bangladesh,50,5450443,5445060,5439677,5434294,5428911,5423528,5427041,5430554,5434067,5437580,5441094,5451370,5461646,5471922,5482198,5492474,5657953,5823432,5988912,6154391,6319871,6422153,6524435,6626717,6728999,6831282,6945378,7059474,7173570,7287666,7401763
94,117,   Bhutan,64,28461,46362,64263,82164,100065,117967,118410,118853,119296,119739,120183,120210,120237,120264,120291,120319,114642,108965,103288,97611,91934,83825,75716,67608,59499,51391,51512,51633,51755,51876,51998
95,118,   India,356,6619431,6726232,6833034,6939835,7046637,7153439,7308361,7463283,7618206,7773128,7928051,8260147,8592243,8924340,9256436,9588533,10315219,11041905,11768591,12495277,13221963,13754701,14287440,14820179,15352918,15885657,16282424,16679191,17075958,17472725,17869492
96,119,   Iran (Islamic Republic of),364,631196,654304,677413,700521,723630,746739,763632,780525,797418,814311,831205,842864,854523,866183,877842,889502,908739,927977,947215,966453,985691,1019676,1053661,1087646,1121631,1155617,1189516,1223415,1257314,1291213,1325113
97,120,   Maldives,462,2192,2091,1990,1889,1788,1687,1592,1498,1404,1310,1216,1415,1614,1813,2012,2212,2478,2744,3010,3276,3543,3555,3568,3580,3593,3606,3627,3649,3671,3693,3715
98,121,   Nepal,524,748053,769648,791243,812838,834433,856028,880301,904575,928848,953122,977396,1039842,1102289,1164735,1227182,1289629,1374242,1458856,1543469,1628083,1712697,1824190,1935684,2047178,2158672,2270166,2336073,2401980,2467887,2533794,2599701
99,122,   Pakistan,586,3341086,3340900,3340714,3340528,3340342,3340157,3353412,3366667,3379923,3393178,3406434,3480713,3554992,3629271,3703550,3777830,3980380,4182931,4385482,4588033,4790584,4992109,5193634,5395159,5596684,5798210,5904248,6010286,6116324,6222362,6328400
100,123,   Sri Lanka,144,883684,891653,899622,907591,915560,923530,934642,945755,956867,967980,979093,1013585,1048077,1082569,1117061,1151553,1212100,1272648,1333196,1393744,1454292,1494684,1535076,1575468,1615860,1656253,1717007,1777761,1838516,1899270,1960025
101,124,  Western Asia,922,11078561,11306252,11533943,11761634,11989325,12217016,12372625,12528235,12683845,12839455,12995065,13176326,13357587,13538848,13720109,13901370,14333612,14765855,15198097,15630340,16062583,17188326,18314069,19439812,20565555,21691299,22409278,23127257,23845236,24563215,25281195
102,125,   Armenia,51,899678,900114,900550,900986,901422,901859,896916,891974,887032,882090,877148,881848,886548,891248,895948,900648,903927,907206,910485,913764,917043,922538,928033,933529,939024,944520,947254,949988,952722,955456,958190
103,126,   Azerbaijan*,31,1634157,1649768,1665379,1680991,1696602,1712214,1695889,1679564,1663239,1646914,1630589,1595507,1560425,1525343,1490261,1455180,1396316,1337453,1278589,1219726,1160863,1154760,1148657,1142554,1136451,1130348,1137062,1143777,1150492,1157207,1163922
104,127,   Bahrain,48,12817,15456,18095,20735,23374,26014,30358,34702,39047,43391,47736,48555,49375,50195,51015,51835,51915,51995,52075,52155,52235,53132,54029,54926,55823,56721,57030,57340,57650,57960,58270
105,128,   Cyprus*,196,174370,172151,169932,167713,165494,163275,161332,159389,157446,155503,153561,153643,153725,153808,153890,153973,155872,157772,159671,161571,163471,164093,164716,165339,165962,166585,167910,169235,170560,171885,173210
106,129,   Georgia*,268,919438,926206,932974,939743,946511,953280,956028,958776,961525,964273,967022,950722,934422,918122,901822,885523,869526,853529,837532,821535,805539,810217,814895,819574,824252,828931,835360,841789,848218,854647,861077
107,130,   Iraq,368,642933,664867,686801,708735,730669,752604,767766,782928,798090,813252,828414,930851,1033288,1135725,1238162,1340599,1583465,1826331,2069197,2312063,2554929,2379065,2203202,2027339,1851476,1675613,1756085,1836558,1917030,1997503,2077976
108,131,   Israel,376,279625,281773,283921,286069,288217,290365,293064,295763,298462,301161,303860,306489,309119,311749,314379,317009,320400,323792,327184,330576,333968,333439,332911,332382,331854,331326,336799,342272,347745,353218,358691
109,132,   Jordan,400,313621,318702,323783,328864,333945,339026,344880,350735,356589,362444,368299,382796,397294,411792,426290,440788,473050,505312,537574,569836,602099,623045,643992,664938,685885,706832,728447,750062,771678,793293,814909
110,133,   Kuwait,414,81583,84668,87753,90838,93923,97009,100290,103571,106852,110133,113415,116533,119651,122769,125887,129005,138767,148529,158291,168053,177816,181259,184703,188146,191590,195034,198481,201928,205376,208823,212271
111,134,   Lebanon,422,507722,512485,517248,522011,526774,531538,537008,542479,547949,553420,558891,568884,578877,588870,598863,608856,627025,645195,663364,681534,699704,711199,722695,734191,745687,757183,777109,797035,816961,836887,856814
112,135,   Oman,512,12504,12772,13040,13308,13576,13844,14199,14555,14911,15267,15623,16263,16903,17543,18183,18824,19209,19595,19980,20366,20752,21161,21570,21979,22388,22797,23257,23717,24178,24638,25099
113,136,   Qatar,634,12175,12400,12625,12851,13076,13302,13577,13853,14128,14404,14680,15170,15660,16150,16640,17131,17839,18548,19256,19965,20674,21254,21834,22414,22994,23574,24000,24426,24852,25278,25705
114,137,   Saudi Arabia,682,107045,111818,116591,121364,126137,130911,135451,139992,144532,149073,153614,158640,163666,168692,173718,178744,186062,193381,200700,208019,215338,228851,242365,255878,269392,282906,286178,289450,292723,295995,299268
115,138,   State of Palestine*,275,1812673,1905056,1997439,2089822,2182205,2274589,2373137,2471685,2570234,2668782,2767331,2865485,2963639,3061793,3159947,3258102,3314463,3370824,3427185,3483546,3539908,3586724,3633540,3680356,3727172,3773988,3823748,3873509,3923269,3973030,4022791
116,139,   Syrian Arab Republic,760,620285,628483,636682,644880,653079,661278,670436,679594,688753,697911,707070,728328,749586,770844,792102,813361,862153,910945,959737,1008529,1057322,2135426,3213530,4291634,5369738,6447843,6849717,7251591,7653465,8055339,8457214
117,140,   Turkey,792,2512944,2564701,2616458,2668216,2719973,2771731,2786851,2801972,2817092,2832213,2847334,2793328,2739322,2685316,2631310,2577305,2603630,2629955,2656280,2682605,2708930,2781850,2854771,2927692,3000613,3073534,3141108,3208683,3276258,3343833,3411408
118,141,   United Arab Emirates,784,79499,83184,86870,90556,94242,97928,100558,103189,105820,108451,111082,113989,116896,119803,122710,125618,131616,137614,143612,149610,155609,160152,164695,169238,173781,178324,183302,188280,193258,198236,203214
119,142,   Yemen,887,455492,461643,467794,473946,480097,486249,494878,503507,512137,520766,529396,549290,569185,589079,608974,628869,678371,727874,777377,826880,876383,920154,963925,1007697,1051468,1095240,1136425,1177610,1218795,1259980,1301166
120,143, EUROPE,908,47730278,47911423,48092568,48273713,48454858,48636003,48854359,49072715,49291071,49509427,49727784,50049624,50371464,50693304,51015144,51336984,52011847,52686710,53361574,54036437,54711301,55084591,55457881,55831172,56204462,56577753,57916935,59256117,60595299,61934481,63273663
121,144,  Eastern Europe,923,24779673,24657456,24535239,24413022,24290805,24168588,24099002,24029416,23959830,23890244,23820659,24167484,24514309,24861135,25207960,25554786,25959457,26364128,26768799,27173470,27578142,27827036,28075931,28324825,28573720,28822615,29496962,30171309,30845657,31520004,32194352
122,145,   Belarus,112,1767600,1761378,1755157,1748935,1742714,1736493,1726323,1716154,1705984,1695815,1685646,1664748,1643851,1622954,1602057,1581160,1557868,1534576,1511285,1487993,1464702,1465738,1466774,1467810,1468846,1469882,1472630,1475379,1478128,1480877,1483626
123,146,   Bulgaria,100,612960,620254,627548,634842,642136,649430,657280,665130,672981,680831,688682,732509,776337,820165,863993,907821,947553,987285,1027018,1066750,1106483,1121111,1135739,1150368,1164996,1179625,1280314,1381004,1481694,1582384,1683074
124,147,   Czechia,203,564746,575854,586962,598070,609178,620286,640895,661504,682114,702723,723333,729078,734823,740568,746313,752058,757534,763010,768486,773962,779438,787505,795573,803640,811708,819776,861042,902308,943575,984841,1026108
125,148,   Hungary,348,391583,394094,396606,399117,401629,404141,407504,410868,414231,417595,420959,430073,439187,448301,457415,466530,475463,484397,493331,502265,511199,529136,547074,565011,582949,600887,623593,646300,669006,691713,714420
126,149,   Poland,616,1673426,1693895,1714365,1734834,1755304,1775774,1830144,1884514,1938885,1993255,2047626,2215032,2382438,2549844,2717250,2884657,3050993,3217329,3383665,3550001,3716338,3788478,3860618,3932758,4004898,4077038,4226649,4376261,4525872,4675484,4825096
127,150,   Republic of Moldova*,498,625680,624550,623420,622290,621160,620030,616578,613127,609675,606224,602773,625317,647862,670406,692951,715496,737878,760261,782643,805026,827409,847879,868349,888819,909289,929759,975695,1021632,1067569,1113506,1159443
128,151,   Romania,642,811853,844828,877804,910780,943756,976732,1009150,1041569,1073987,1106406,1138825,1332241,1525657,1719073,1912489,2105906,2357397,2608888,2860379,3111870,3363361,3374831,3386302,3397772,3409243,3420714,3533989,3647265,3760541,3873817,3987093
129,152,   Russian Federation,643,12653331,12440256,12227182,12014107,11801033,11587959,11403320,11218681,11034042,10849403,10664764,10592400,10520037,10447674,10375311,10302948,10266094,10229240,10192387,10155533,10118680,10130943,10143207,10155471,10167735,10179999,10295338,10410678,10526017,10641357,10756697
130,153,   Slovakia,703,132977,144703,156430,168156,179883,191610,203594,215579,227563,239548,251533,255592,259651,263710,267769,271828,269593,267359,265124,262890,260656,278001,295347,312693,330039,347385,361838,376291,390744,405197,419651
131,154,   Ukraine*,804,5545517,5557640,5569763,5581886,5594009,5606133,5604210,5602287,5600364,5598441,5596518,5590490,5584463,5578436,5572409,5566382,5539080,5511779,5484478,5457177,5429876,5503410,5576945,5650480,5724015,5797550,5865868,5934187,6002506,6070825,6139144
132,155,  Northern Europe,924,6227251,6222250,6217249,6212248,6207247,6202247,6246305,6290364,6334422,6378481,6422540,6494050,6565561,6637072,6708583,6780094,6859831,6939568,7019305,7099042,7178780,7206053,7233326,7260600,7287873,7315147,7429073,7543000,7656926,7770853,7884780
133,156,   Channel Islands*,830,18726,18106,17486,16866,16246,15626,15065,14505,13945,13385,12825,13223,13621,14019,14417,14815,14991,15168,15345,15522,15699,15853,16007,16161,16315,16469,16606,16744,16882,17020,17158
134,157,   Denmark*,208,201514,202752,203991,205229,206468,207707,209717,211728,213739,215750,217761,219101,220441,221781,223121,224462,226275,228089,229903,231717,233531,234191,234851,235511,236171,236832,240870,244909,248947,252986,257025
135,158,   Estonia,233,113860,117005,120150,123295,126440,129586,132033,134480,136927,139374,141821,143477,145133,146789,148445,150101,150807,151513,152220,152926,153633,160728,167823,174918,182013,189109,192613,196117,199622,203126,206631
136,159,   Faroe Islands*,234,7518,8015,8512,9009,9506,10003,10484,10965,11447,11928,12410,12424,12439,12454,12469,12484,12460,12436,12412,12388,12364,12572,12781,12989,13198,13407,13311,13215,13119,13023,12927
137,160,   Finland*,246,250610,258219,265828,273437,281046,288655,294096,299537,304978,310419,315861,312801,309741,306681,303621,300562,298826,297090,295354,293618,291883,289951,288019,286087,284155,282223,288156,294089,300022,305955,311889
138,161,   Iceland,352,17597,18364,19131,19898,20665,21433,22381,23329,24277,25225,26173,26672,27171,27670,28169,28669,29426,30183,30940,31697,32454,33364,34274,35185,36095,37006,38255,39504,40753,42002,43251
139,162,   Ireland,372,917101,906389,895677,884965,874253,863541,854964,846387,837810,829233,820657,810514,800371,790228,780085,769942,761846,753751,745656,737561,729466,730900,732335,733769,735204,736639,736174,735710,735245,734781,734317
140,163,   Isle of Man*,833,10735,10388,10042,9695,9349,9003,8677,8352,8027,7702,7377,7598,7819,8041,8262,8484,8593,8703,8813,8923,9033,9342,9651,9961,10270,10580,10870,11160,11451,11741,12032
141,164,   Latvia,428,215070,217847,220625,223402,226180,228958,230894,232831,234767,236704,238641,245109,251577,258045,264513,270982,272419,273856,275293,276730,278168,296382,314596,332810,351024,369238,371392,373546,375701,377855,380010
142,165,   Lithuania,440,340973,341256,341539,341822,342105,342389,343624,344859,346094,347329,348564,361325,374086,386848,399609,412371,433446,454521,475596,496671,517746,525455,533164,540873,548582,556292,576645,596998,617351,637704,658057
143,166,   Norway*,578,138289,140839,143389,145940,148490,151041,153599,156158,158716,161275,163834,165879,167925,169971,172017,174063,175244,176426,177607,178789,179971,181092,182213,183335,184456,185578,186740,187903,189066,190229,191392
144,167,   Sweden,752,205942,209884,213827,217769,221712,225655,231846,238037,244228,250419,256610,258878,261147,263415,265684,267953,272743,277533,282323,287113,291904,294004,296105,298206,300307,302408,307442,312477,317511,322546,327581
145,168,   United Kingdom*,826,3789316,3773182,3757049,3740916,3724783,3708650,3738921,3769192,3799463,3829734,3860006,3917046,3974086,4031126,4088166,4145206,4202750,4260294,4317839,4375383,4432928,4422215,4411503,4400790,4390078,4379366,4449994,4520623,4591252,4661881,4732510
146,169,  Southern Europe,925,10622826,10876252,11129678,11383104,11636530,11889956,12042233,12194511,12346789,12499067,12651345,12428119,12204894,11981668,11758443,11535218,11573799,11612380,11650962,11689543,11728125,11791550,11854976,11918401,11981827,12045253,12439624,12833996,13228367,13622739,14017111
147,170,   Albania,8,180204,244376,308548,372721,436893,501066,565741,630416,695091,759766,824442,852760,881078,909396,937714,966032,996413,1026795,1057176,1087558,1117940,1122920,1127901,1132882,1137863,1142844,1164365,1185886,1207408,1228929,1250451
148,171,   Andorra,20,3740,3820,3900,3981,4061,4142,4428,4715,5001,5288,5575,5605,5635,5666,5696,5727,6163,6599,7036,7472,7909,8075,8241,8407,8573,8740,9218,9696,10175,10653,11132
149,172,   Bosnia and Herzegovina,70,861760,963913,1066066,1168219,1270372,1372526,1397359,1422192,1447025,1471858,1496691,1497560,1498429,1499298,1500167,1501036,1515413,1529791,1544169,1558547,1572925,1577026,1581127,1585228,1589329,1593430,1612271,1631113,1649955,1668797,1687639
150,173,   Croatia,191,425544,487477,549411,611345,673279,735213,769576,803940,838303,872667,907031,893441,879852,866262,852673,839084,835348,831613,827877,824142,820407,817574,814741,811908,809075,806242,852898,899555,946212,992869,1039526
151,174,   Gibraltar*,292,11989,11617,11245,10873,10501,10130,9794,9458,9122,8786,8451,8689,8927,9166,9404,9643,9753,9864,9975,10086,10197,10540,10884,11228,11572,11916,12210,12505,12799,13094,13389
152,175,   Greece,300,1022125,1018540,1014955,1011370,1007785,1004201,999897,995594,991291,986988,982685,959671,936658,913645,890632,867619,851986,836354,820721,805089,789457,795589,801721,807854,813986,820119,873796,927474,981151,1034829,1088507
153,176,   Holy See*,336,10,13,16,19,22,26,29,32,35,38,41,54,68,82,96,110,123,136,149,162,175,202,229,256,283,310,282,255,228,201,174
154,177,   Italy,380,3350982,3322331,3293680,3265029,3236378,3207728,3179682,3151636,3123590,3095544,3067498,2993695,2919893,2846090,2772288,2698486,2670635,2642784,2614934,2587083,2559233,2579918,2600604,2621289,2641975,2662661,2781895,2901129,3020363,3139597,3258831
155,178,   Malta,470,110738,110558,110378,110198,110018,109839,108845,107851,106857,105863,104869,103944,103019,102094,101169,100245,100054,99864,99674,99484,99294,98146,96998,95850,94702,93554,95401,97249,99097,100945,102793
156,179,   Montenegro,499,77384,90835,104286,117737,131188,144640,152402,160164,167926,175688,183451,176363,169275,162188,155100,148013,148161,148309,148457,148605,148754,145808,142863,139918,136973,134028,133815,133602,133390,133177,132965
157,180,   North Macedonia,807,432070,444054,456038,468023,480007,491992,500020,508048,516076,524104,532132,517470,502808,488146,473484,458822,472287,485753,499219,512685,526151,533591,541032,548472,555913,563354,589462,615570,641679,667787,693896
158,181,   Portugal,620,1871869,1881668,1891467,1901266,1911065,1920865,1935450,1950036,1964621,1979207,1993793,1943636,1893479,1843322,1793165,1743009,1779886,1816764,1853641,1890519,1927397,1936248,1945100,1953951,1962803,1971655,1993607,2015560,2037513,2059466,2081419
159,182,   San Marino,674,1413,1621,1830,2038,2247,2456,2663,2871,3078,3286,3494,3376,3259,3141,3024,2907,2778,2650,2522,2394,2266,2550,2834,3119,3403,3688,3431,3175,2919,2663,2407
160,183,   Serbia*,688,742547,776860,811173,845486,879799,914112,957673,1001234,1044796,1088357,1131919,1097659,1063399,1029140,994880,960621,955697,950773,945849,940925,936001,914179,892357,870535,848713,826891,862305,897719,933133,968547,1003962
161,184,   Slovenia,705,91447,94879,98312,101745,105178,108611,110620,112630,114639,116649,118659,118807,118955,119103,119251,119399,120108,120818,121528,122238,122948,125666,128384,131102,133820,136538,141269,146001,150733,155465,160197
162,185,   Spain*,724,1439004,1423685,1408366,1393047,1377728,1362409,1348050,1333691,1319332,1304973,1290614,1255384,1220154,1184924,1149694,1114465,1108986,1103507,1098028,1092549,1087071,1123513,1159955,1196398,1232840,1269283,1313391,1357499,1401607,1445715,1489823
163,186,  Western Europe,926,6100528,6155464,6210401,6265338,6320275,6375212,6466817,6558423,6650028,6741634,6833240,6959969,7086698,7213427,7340156,7466886,7618759,7770633,7922506,8074380,8226254,8259950,8293647,8327344,8361041,8394738,8551274,8707810,8864347,9020883,9177420
164,187,   Austria,40,505214,502180,499146,496112,493078,490045,487654,485263,482872,480481,478091,481142,484194,487245,490297,493349,498159,502969,507780,512590,517401,516967,516534,516100,515667,515234,532335,549436,566537,583638,600740
165,188,   Belgium,56,363970,366122,368275,370428,372581,374734,379560,384386,389212,394038,398864,406631,414398,422166,429933,437701,446967,456233,465499,474765,484032,490384,496736,503088,509440,515793,528127,540461,552795,565129,577463
166,189,   France*,250,1215837,1243329,1270821,1298313,1325805,1353297,1393715,1434134,1474553,1514972,1555391,1589356,1623321,1657286,1691251,1725216,1771536,1817856,1864177,1910497,1956818,1989307,2021797,2054286,2086776,2119266,2163794,2208322,2252851,2297379,2341908
167,190,   Germany,276,2929448,2952629,2975810,2998991,3022172,3045354,3083332,3121311,3159289,3197268,3235247,3276784,3318321,3359858,3401395,3442933,3493674,3544415,3595156,3645897,3696638,3683366,3670094,3656822,3643550,3630278,3675276,3720274,3765272,3810270,3855268
168,191,   Liechtenstein,438,3425,3343,3262,3180,3099,3018,2952,2886,2820,2754,2688,2737,2786,2836,2885,2935,3066,3197,3328,3459,3590,3579,3568,3557,3546,3536,3570,3604,3638,3672,3706
169,192,   Luxembourg,442,36108,36461,36814,37168,37521,37875,38252,38629,39007,39384,39762,42370,44979,47588,50197,52806,54654,56502,58351,60199,62048,63511,64975,66438,67902,69366,71844,74322,76800,79278,81757
170,193,   Monaco,492,4475,4536,4598,4660,4722,4784,4852,4920,4988,5056,5124,7919,10715,13511,16307,19103,20673,22243,23813,25383,26954,27426,27899,28371,28844,29317,29964,30611,31258,31905,32552
171,194,   Netherlands*,528,716471,718548,720625,722702,724779,726856,731011,735166,739321,743476,747631,756215,764800,773384,781969,790554,803320,816087,828854,841621,854388,856929,859470,862011,864552,867093,887755,908417,929079,949741,970403
172,195,   Switzerland,756,325580,328313,331047,333781,336515,339249,345487,351726,357964,364203,370442,396811,423180,449550,475919,502289,526708,551127,575546,599965,624385,628479,632573,636667,640761,644855,658608,672362,686115,699869,713623
173,196, LATIN AMERICA AND THE CARIBBEAN,904,15273399,16152660,17031921,17911182,18790443,19669704,20661503,21653302,22645101,23636900,24628700,25570601,26512502,27454403,28396304,29338206,30398094,31457983,32517872,33577761,34637650,34951320,35264990,35578660,35892330,36206000,37542896,38879792,40216688,41553584,42890481
174,197,  Caribbean,915,4139775,4318990,4498206,4677421,4856637,5035853,5221979,5408106,5594233,5780360,5966487,6074523,6182560,6290597,6398634,6506671,6660037,6813403,6966769,7120135,7273502,7445863,7618224,7790585,7962946,8135307,8324000,8512693,8701386,8890079,9078772
175,198,   Anguilla*,660,1832,1898,1965,2032,2099,2166,2234,2302,2371,2439,2508,2491,2474,2458,2441,2425,2394,2364,2333,2303,2273,2329,2385,2441,2497,2553,2543,2533,2524,2514,2505
176,199,   Antigua and Barbuda,28,21382,22498,23615,24731,25848,26965,28128,29291,30455,31618,32782,33505,34228,34951,35674,36398,37387,38377,39367,40357,41347,43515,45683,47852,50020,52189,55063,57937,60812,63686,66561
177,200,   Aruba*,533,5887,6050,6214,6377,6541,6705,6896,7087,7279,7470,7662,8026,8390,8754,9118,9482,10290,11098,11907,12715,13524,14143,14762,15382,16001,16621,17588,18555,19522,20489,21456
178,201,   Bahamas,44,25137,26028,26919,27811,28702,29594,30535,31476,32418,33359,34301,34383,34466,34549,34632,34715,34970,35225,35480,35735,35990,37385,38780,40175,41570,42965,45130,47296,49461,51627,53793
179,202,   Barbados,52,84766,85735,86704,87673,88642,89612,90689,91766,92843,93920,94998,94593,94188,93784,93379,92975,93618,94262,94905,95549,96193,97330,98467,99604,100741,101879,101425,100971,100518,100064,99611
180,203,"   Bonaire, Sint Eustatius and Saba*",535,445,464,483,502,521,540,561,582,604,625,647,668,689,710,731,753,2015,3277,4540,5802,7065,7111,7157,7203,7249,7295,7465,7636,7806,7977,8148
181,204,   British Virgin Islands*,92,3094,3148,3203,3258,3313,3368,3431,3494,3557,3620,3683,3748,3813,3878,3943,4008,4190,4373,4555,4738,4921,4960,4999,5039,5078,5118,5165,5212,5260,5307,5355
182,205,   Cayman Islands*,136,356,443,531,618,706,794,890,987,1084,1181,1278,1280,1282,1285,1287,1290,1312,1335,1358,1381,1404,1465,1526,1587,1648,1709,1748,1788,1828,1868,1908
183,206,   Cuba,192,835175,854973,874772,894570,914369,934168,956892,979616,1002340,1025064,1047789,1070293,1092797,1115301,1137805,1160309,1191195,1222081,1252967,1283853,1314739,1352956,1391174,1429391,1467609,1505827,1556121,1606416,1656710,1707005,1757300
184,207,   Cura?ao*,531,2104,2253,2402,2551,2700,2849,3035,3221,3407,3593,3779,3946,4114,4282,4450,4618,12744,20870,28996,37122,45248,37446,29644,21842,14040,6239,6513,6787,7062,7336,7611
185,208,   Dominica,212,40563,41292,42021,42751,43480,44210,45023,45836,46649,47462,48275,51427,54579,57732,60884,64037,65946,67855,69764,71673,73583,73383,73183,72984,72784,72585,73706,74827,75948,77069,78191
186,209,   Dominican Republic,214,458021,499819,541618,583417,625216,667015,711502,755989,800476,844963,889451,914374,939298,964222,989146,1014070,1048139,1082208,1116278,1150347,1184417,1238454,1292491,1346528,1400565,1454602,1485395,1516188,1546981,1577774,1608567
187,210,   Grenada,308,43237,45404,47572,49739,51907,54075,56018,57961,59904,61847,63791,63962,64133,64304,64475,64646,64502,64359,64216,64073,63930,64955,65980,67005,68030,69055,67684,66314,64944,63574,62204
188,211,   Guadeloupe*,312,5765,5961,6158,6354,6551,6748,6948,7148,7349,7549,7750,7982,8214,8446,8678,8911,9284,9658,10031,10405,10779,11021,11264,11507,11750,11993,12102,12212,12322,12432,12542
189,212,   Haiti,332,524711,552039,579368,606696,634025,661354,689526,717699,745872,774045,802218,835353,868488,901623,934758,967894,998953,1030012,1061071,1092130,1123190,1191960,1260730,1329501,1398271,1467042,1527567,1588093,1648619,1709145,1769671
190,213,   Jamaica,388,588450,614432,640414,666397,692379,718362,746262,774163,802063,829964,857865,867326,876787,886248,895709,905170,922094,939018,955942,972866,989790,998151,1006512,1014873,1023234,1031596,1049063,1066530,1083997,1101464,1118931
191,214,   Martinique*,474,11036,11329,11622,11915,12208,12501,12804,13108,13411,13715,14019,14083,14147,14211,14275,14340,14399,14458,14518,14577,14637,14244,13852,13459,13067,12675,12732,12790,12847,12905,12963
192,215,   Montserrat*,500,7178,8059,8941,9822,10704,11586,12495,13404,14313,15222,16132,16067,16003,15938,15874,15810,16123,16437,16750,17064,17378,17929,18481,19032,19584,20136,21025,21914,22803,23692,24582
193,216,   Puerto Rico*,630,1200245,1241319,1282394,1323469,1364544,1405619,1444506,1483394,1522282,1561170,1600058,1608049,1616040,1624032,1632023,1640015,1658375,1676736,1695096,1713457,1731818,1728617,1725417,1722217,1719017,1715817,1742759,1769701,1796644,1823586,1850529
194,218,   Saint Kitts and Nevis,659,18618,19826,21035,22244,23453,24662,25903,27144,28385,29626,30867,31357,31847,32337,32827,33317,33812,34308,34803,35299,35795,36678,37561,38444,39327,40211,42225,44240,46255,48270,50285
195,219,   Saint Lucia,662,21999,23733,25468,27202,28937,30672,32448,34225,36002,37779,39556,41024,42492,43960,45428,46897,47581,48265,48949,49633,50318,51842,53366,54890,56414,57939,60596,63254,65911,68569,71227
196,221,   Saint Vincent and the Grenadines,670,37010,38741,40473,42205,43937,45669,47243,48818,50393,51968,53543,53956,54370,54783,55197,55611,55575,55540,55505,55470,55435,56806,58177,59549,60920,62292,60938,59585,58231,56878,55525
197,222,   Sint Maarten (Dutch part)*,534,707,748,789,831,872,914,968,1022,1077,1131,1186,1198,1210,1222,1234,1246,1657,2068,2480,2891,3303,3028,2753,2478,2203,1929,1981,2033,2086,2138,2191
198,223,   Trinidad and Tobago,780,197440,208180,218920,229661,240401,251142,262472,273803,285133,296464,307795,310817,313839,316861,319883,322906,328428,333950,339472,344994,350517,354140,357763,361386,365009,368633,361010,353387,345764,338141,330519
199,224,   Turks and Caicos Islands*,796,2308,2153,1998,1843,1688,1533,1374,1215,1057,898,740,830,920,1010,1100,1190,1391,1592,1794,1995,2197,2248,2299,2351,2402,2454,2501,2548,2595,2642,2689
200,225,   United States Virgin Islands*,850,2309,2453,2597,2741,2885,3030,3186,3343,3500,3657,3814,3778,3743,3708,3673,3638,3652,3667,3681,3696,3711,3759,3807,3856,3904,3953,3944,3935,3926,3917,3908
201,226,  Central America,916,6823036,7316121,7809207,8302292,8795378,9288464,9876511,10464559,11052607,11640655,12228703,12578692,12928681,13278671,13628660,13978650,14423810,14868970,15314130,15759290,16204451,16221805,16239159,16256513,16273867,16291222,16272772,16254322,16235873,16217423,16198974
202,227,   Belize,84,36101,37270,38440,39610,40780,41950,43202,44454,45706,46958,48211,48945,49679,50414,51148,51883,52980,54078,55175,56273,57371,58516,59662,60807,61953,63099,61030,58961,56893,54824,52756
203,228,   Costa Rica,188,69283,72422,75561,78701,81840,84980,89029,93078,97128,101177,105227,107705,110183,112661,115139,117618,120557,123497,126437,129377,132317,133501,134685,135869,137053,138237,140637,143038,145439,147840,150241
204,229,   El Salvador,222,1241849,1180099,1118350,1056601,994852,933103,936290,939478,942666,945854,949042,982992,1016942,1050892,1084842,1118793,1162451,1206109,1249768,1293426,1337085,1372247,1407409,1442571,1477733,1512895,1530127,1547360,1564592,1581825,1599058
205,230,   Guatemala,320,348189,370929,393669,416410,439150,461891,486072,510253,534434,558615,582796,613579,644363,675147,705931,736715,774351,811988,849624,887261,924898,963541,1002184,1040828,1079471,1118115,1168178,1218241,1268304,1318367,1368431
206,231,   Honduras,340,156379,174418,192457,210496,228535,246575,265680,284786,303891,322997,342103,363458,384814,406170,427526,448882,476606,504330,532054,559778,587503,615973,644443,672914,701384,729855,780899,831943,882988,934032,985077
207,232,   Mexico,484,4395355,4906139,5416923,5927707,6438491,6949276,7471996,7994716,8517437,9040157,9562878,9813864,10064850,10315837,10566823,10817810,11137292,11456774,11776257,12095739,12415222,12316824,12218426,12120029,12021631,11923234,11775734,11628235,11480735,11333236,11185737
208,233,   Nicaragua,558,441488,440732,439977,439221,438466,437711,450472,463233,475994,488755,501517,512320,523123,533926,544729,555532,566467,577403,588339,599275,610211,619284,628357,637430,646503,655577,668092,680607,693123,705638,718154
209,234,   Panama,591,134392,134109,133826,133543,133260,132978,133768,134558,135348,136138,136929,135826,134724,133621,132519,131417,133102,134787,136473,138158,139844,141917,143990,146063,148136,150210,148072,145934,143796,141658,139520
210,235,  South America,931,4310588,4517547,4724507,4931467,5138427,5345387,5563011,5780636,5998260,6215885,6433510,6917385,7401260,7885135,8369010,8852885,9314247,9775609,10236972,10698334,11159697,11283651,11407606,11531561,11655516,11779471,12946123,14112776,15279429,16446082,17612735
211,236,   Argentina,32,430155,440517,450880,461242,471605,481968,496682,511397,526112,540827,555542,605491,655441,705391,755341,805291,831960,858630,885299,911969,938639,939679,940720,941761,942802,943843,970304,996765,1023226,1049687,1076148
212,237,   Bolivia (Plurinational State of),68,224693,236462,248231,260001,271770,283540,295772,308004,320237,332469,344702,384514,424327,464140,503953,543766,591005,638244,685483,732722,779961,788770,797579,806389,815198,824008,844655,865302,885949,906596,927244
213,238,   Brazil,76,491359,539185,587011,634838,682664,730491,772484,814477,856471,898464,940458,991281,1042104,1092928,1143751,1194575,1254740,1314906,1375072,1435238,1495404,1497169,1498934,1500700,1502465,1504231,1582810,1661389,1739969,1818548,1897128
214,239,   Chile,152,493026,494262,495498,496734,497970,499207,501765,504323,506881,509439,511997,517946,523896,529845,535795,541745,547764,553783,559803,565822,571842,581076,590311,599545,608780,618015,623172,628329,633486,638643,643800
215,240,   Colombia,170,1009148,1050511,1091875,1133239,1174603,1215967,1259561,1303156,1346750,1390345,1433940,1523932,1613925,1703918,1793911,1883904,2017927,2151950,2285973,2419996,2554020,2582953,2611887,2640820,2669754,2698688,2763805,2828922,2894039,2959156,3024273
216,241,   Ecuador,218,214008,236452,258896,281341,303785,326230,350260,374290,398320,422350,446380,554423,662467,770511,878555,986599,1019858,1053118,1086377,1119637,1152897,1148472,1144047,1139623,1135198,1130774,1130197,1129620,1129044,1128467,1127891
217,242,   Falkland Islands (Malvinas)*,238,255,356,457,558,659,760,860,960,1061,1161,1262,1228,1195,1161,1128,1095,1110,1126,1142,1158,1174,1213,1252,1291,1330,1370,1399,1429,1458,1488,1518
218,243,   French Guiana*,254,2840,2916,2992,3068,3144,3221,3304,3388,3472,3556,3640,3672,3704,3736,3768,3800,3828,3856,3884,3912,3940,4055,4170,4286,4401,4517,4532,4548,4563,4579,4595
219,244,   Guyana,328,233318,245712,258107,270502,282897,295292,308665,322038,335411,348784,362157,368236,374316,380395,386475,392555,401890,411226,420561,429897,439233,447638,456043,464448,472853,481258,472689,464120,455551,446982,438413
220,245,   Paraguay,600,297742,305362,312983,320603,328224,335845,343611,351377,359143,366909,374675,408879,443084,477288,511493,545698,589720,633743,677765,721788,765811,781767,797723,813679,829635,845591,855769,865948,876126,886305,896484
221,246,   Peru,604,313209,351662,390115,428568,467021,505474,543208,580942,618676,656410,694144,749115,804087,859058,914030,969002,1035020,1101039,1167057,1233076,1299095,1321315,1343536,1365757,1387978,1410199,1432086,1453973,1475860,1497747,1519635
222,247,   Suriname,740,177857,180592,183328,186063,188799,191535,195471,199408,203345,207282,211219,218731,226244,233756,241269,248782,250768,252755,254741,256728,258715,257894,257073,256253,255432,254612,258331,262050,265770,269489,273209
223,248,   Uruguay,858,237486,236787,236088,235390,234691,233993,234322,234652,234981,235311,235641,248310,260979,273648,286317,298986,306876,314766,322657,330547,338438,341395,344352,347310,350267,353225,355992,358759,361526,364293,367060
224,249,   Venezuela (Bolivarian Republic of),862,185492,196766,208040,219315,230589,241864,257041,272219,287397,302575,317753,341619,365486,389353,413220,437087,461775,486463,511151,535839,560528,590250,619972,649695,679417,709140,1650379,2591618,3532858,4474097,5415337
225,250, NORTHERN AMERICA,905,2802135,2830940,2859745,2888550,2917355,2946161,2986912,3027664,3068415,3109167,3149919,3222356,3294793,3367231,3439668,3512106,3603645,3695184,3786724,3878263,3969803,3978772,3987741,3996710,4005679,4014649,4077310,4139972,4202634,4265296,4327958
226,251,   Bermuda*,60,71681,65862,60043,54224,48405,42587,36885,31183,25482,19780,14079,14244,14410,14575,14741,14907,14988,15069,15150,15231,15313,15495,15677,15860,16042,16225,17201,18177,19154,20130,21107
227,252,   Canada,124,994254,1008264,1022274,1036284,1050294,1064305,1079972,1095639,1111306,1126973,1142641,1151144,1159647,1168150,1176653,1185156,1201736,1218316,1234896,1251476,1268057,1267156,1266255,1265354,1264453,1263552,1269307,1275062,1280818,1286573,1292329
228,253,   Greenland*,304,9504,9875,10246,10618,10989,11361,11766,12171,12577,12982,13388,13634,13880,14126,14372,14618,14772,14927,15081,15236,15391,15655,15919,16183,16447,16711,16942,17173,17404,17635,17866
229,254,   Saint Pierre and Miquelon*,666,483,481,480,479,478,477,478,479,481,482,484,472,460,449,437,426,418,411,404,397,390,392,394,396,398,400,406,413,419,426,433
230,255,   United States of America*,840,1726213,1746456,1766700,1786943,1807187,1827431,1857810,1888189,1918568,1948947,1979327,2042861,2106395,2169930,2233464,2296999,2371729,2446460,2521190,2595921,2670652,2680073,2689495,2698917,2708339,2717761,2773453,2829145,2884838,2940530,2996223
231,256, OCEANIA ,909,961547,983496,1005446,1027395,1049345,1071295,1106403,1141511,1176619,1211727,1246836,1275752,1304668,1333585,1362501,1391418,1431368,1471318,1511268,1551218,1591168,1623218,1655269,1687320,1719371,1751422,1795178,1838935,1882691,1926448,1970205
232,257,  Australia and New Zealand,927,689030,702870,716711,730552,744393,758234,780919,803604,826289,848974,871660,894184,916708,939232,961756,984280,1017277,1050274,1083271,1116268,1149265,1170652,1192039,1213427,1234814,1256202,1285946,1315690,1345435,1375179,1404924
233,258,   Australia*,36,301013,309072,317132,325192,333252,341312,349416,357521,365626,373731,381836,391222,400609,409995,419382,428769,440405,452041,463677,475313,486949,493190,499432,505674,511916,518158,534279,550400,566522,582643,598765
234,259,   New Zealand*,554,388017,393798,399579,405360,411141,416922,431502,446082,460663,475243,489824,502961,516098,529236,542373,555511,576872,598233,619594,640955,662316,677461,692607,707752,722898,738044,751667,765290,778913,792536,806159
235,260,  Melanesia,928,104497,108257,112018,115778,119539,123300,128714,134128,139542,144956,150371,155700,161030,166360,171690,177020,182471,187923,193374,198826,204278,209376,214474,219572,224670,229769,235019,240269,245520,250770,256021
236,261,   Fiji,242,90161,93426,96691,99957,103222,106488,111572,116656,121740,126824,131908,136935,141962,146990,152017,157045,162357,167669,172982,178294,183607,188599,193591,198583,203575,208568,213625,218683,223740,228798,233856
237,262,   New Caledonia*,540,4148,4238,4328,4419,4509,4600,4668,4736,4804,4872,4941,4996,5052,5107,5163,5219,5250,5282,5313,5345,5377,5418,5459,5501,5542,5584,5635,5686,5737,5788,5839
238,263,   Papua New Guinea,598,3107,3297,3487,3678,3868,4059,4157,4256,4354,4453,4552,4540,4528,4516,4504,4493,4440,4388,4335,4283,4231,4380,4530,4680,4830,4980,4946,4912,4878,4844,4810
239,264,   Solomon Islands,90,2212,2278,2344,2410,2476,2542,2579,2616,2653,2690,2728,2782,2836,2890,2944,2999,3073,3147,3222,3296,3371,3474,3577,3680,3783,3886,3962,4039,4116,4193,4270
240,265,   Vanuatu,548,4869,5017,5165,5314,5462,5611,5737,5863,5989,6115,6242,6446,6650,6855,7059,7264,7349,7435,7520,7606,7692,7503,7315,7127,6939,6751,6850,6949,7048,7147,7246
241,266,  Micronesia,954,21460,22998,24537,26076,27615,29154,31130,33106,35082,37058,39034,39213,39393,39572,39752,39932,39751,39571,39390,39210,39030,39614,40198,40782,41366,41950,43759,45569,47378,49188,50998
242,267,   Guam*,316,1375,1422,1470,1518,1566,1614,1850,2087,2323,2560,2797,2744,2692,2639,2587,2535,2469,2404,2339,2274,2209,2193,2178,2162,2147,2132,2148,2164,2180,2196,2213
243,268,   Kiribati,296,4053,4091,4130,4168,4207,4246,4195,4144,4093,4042,3991,3997,4003,4009,4015,4021,3929,3838,3747,3656,3565,3677,3789,3902,4014,4127,4322,4517,4712,4907,5103
244,269,   Marshall Islands,584,1426,1971,2517,3062,3608,4154,4718,5282,5847,6411,6976,6911,6847,6782,6718,6654,6621,6589,6556,6524,6492,6718,6945,7171,7398,7625,8277,8929,9581,10233,10886
245,270,   Micronesia (Fed. States of),583,7713,8598,9483,10368,11253,12138,13093,14048,15003,15958,16914,17200,17486,17773,18059,18346,18557,18769,18980,19192,19404,19649,19895,20141,20387,20633,21495,22357,23220,24082,24945
246,271,   Nauru,520,1419,1437,1455,1474,1492,1511,1527,1543,1560,1576,1593,1648,1703,1758,1813,1869,1921,1973,2025,2077,2130,2157,2184,2212,2239,2267,2304,2341,2379,2416,2454
247,272,   Northern Mariana Islands*,580,2517,2543,2569,2595,2621,2647,2670,2694,2717,2741,2765,2757,2749,2741,2733,2725,2702,2679,2656,2633,2611,2610,2609,2608,2607,2607,2633,2660,2687,2714,2741
248,273,   Palau,585,2957,2934,2911,2889,2866,2844,3074,3305,3536,3767,3998,3954,3911,3868,3825,3782,3549,3316,3084,2851,2619,2607,2595,2583,2571,2559,2578,2597,2617,2636,2656
249,274,  Polynesia*,957,146560,149369,152178,154988,157797,160607,165639,170672,175705,180738,185771,186654,187537,188420,189303,190186,191867,193549,195231,196913,198595,203576,208557,213538,218519,223501,230453,237405,244357,251309,258262
250,275,   American Samoa*,16,2041,2160,2279,2399,2518,2638,2747,2857,2966,3076,3186,3066,2946,2827,2707,2588,2501,2415,2329,2243,2157,2117,2078,2039,2000,1961,1935,1909,1883,1857,1832
251,276,   Cook Islands*,184,17485,17389,17294,17199,17104,17009,17502,17996,18490,18984,19478,19498,19518,19539,19559,19580,19775,19970,20165,20360,20556,20755,20955,21155,21355,21555,21465,21375,21285,21195,21106
252,277,   French Polynesia*,258,3132,3253,3374,3495,3616,3738,3850,3962,4075,4187,4300,3983,3666,3350,3033,2717,2483,2250,2016,1783,1550,1635,1721,1806,1892,1978,2013,2049,2085,2121,2157
253,278,   Niue*,570,5858,5800,5743,5685,5628,5571,5606,5642,5677,5713,5749,5657,5565,5474,5382,5291,5302,5313,5324,5335,5347,5347,5347,5347,5347,5348,5315,5283,5250,5218,5186
254,279,   Samoa,882,74861,76279,77697,79115,80533,81952,84469,86987,89505,92023,94541,95478,96416,97354,98292,99230,100348,101466,102584,103702,104820,107227,109634,112041,114448,116855,120630,124405,128181,131956,135732
255,280,   Tokelau*,772,1684,1709,1734,1759,1784,1810,1860,1910,1960,2010,2061,2066,2072,2078,2084,2090,2105,2121,2136,2152,2168,2168,2169,2169,2170,2171,2159,2147,2135,2123,2112
256,281,   Tonga,776,32665,33773,34882,35990,37099,38208,39855,41502,43149,44796,46444,46822,47201,47579,47958,48337,48973,49610,50247,50884,51521,53057,54593,56130,57666,59203,62272,65341,68411,71480,74550
257,282,   Tuvalu,798,2350,2427,2505,2582,2660,2738,2712,2687,2661,2636,2611,2672,2733,2794,2855,2917,2935,2954,2973,2992,3011,3049,3087,3126,3164,3203,3296,3389,3483,3576,3670
258,283,   Wallis and Futuna Islands*,876,6484,6575,6667,6759,6851,6943,7034,7126,7217,7309,7401,7408,7415,7422,7429,7436,7441,7447,7453,7459,7465,8217,8969,9722,10474,11227,11365,11503,11641,11779,11917
259,284,OTHER,2003,8640334,8407766,8175199,7942631,7710064,7477497,7394743,7311990,7229236,7146483,7063730,7215117,7366504,7517891,7669278,7820665,8007979,8195293,8382607,8569921,8757236,9189557,9621878,10054199,10486520,10918842,11266503,11614165,11961827,12309489,12657151
